,Player,Pos,BasePos,Age,Tm,G,MP,PER,TS%,3PAr,FTr,ORB%,DRB%,TRB%,AST%,STL%,BLK%,TOV%,USG%,Â ,OWS,DWS,WS,WS/48,OBPM,DBPM,BPM,VORP
0,Steven Adams,C,C,26.0,OKC,58.0,1564.0,20.8,0.605,0.007,0.413,14.4,23.8,19.3,13.5,1.6,3.5,14.1,17.2,0.0,3.7,2.5,6.2,0.19,2.1,1.1,3.2,2.0
1,Bam Adebayo,PF,PF,22.0,MIA,65.0,2235.0,20.6,0.606,0.018,0.476,8.7,25.0,17.2,23.6,1.7,3.8,17.5,20.8,0.0,4.6,3.6,8.1,0.175,1.6,2.1,3.6,3.2
2,LaMarcus Aldridge,C,C,34.0,SAS,53.0,1754.0,19.8,0.571,0.198,0.241,6.3,17.8,12.0,11.4,1.0,4.4,7.8,23.6,0.0,3.1,1.4,4.4,0.122,1.8,-0.5,1.3,1.5
3,Nickeil Alexander-Walker,SG,SG,21.0,NOP,41.0,501.0,7.6,0.441,0.515,0.123,1.7,15.2,8.4,20.3,1.0,1.2,14.3,22.8,0.0,-0.7,0.4,-0.4,-0.034,-3.5,-1.4,-4.9,-0.4
4,Grayson Allen,SG,SG,24.0,MEM,30.0,498.0,11.4,0.577,0.517,0.199,1.1,12.6,7.0,11.8,0.6,0.2,10.7,17.9,0.0,0.5,0.3,0.7,0.07,-1.0,-1.5,-2.6,-0.1
5,Jarrett Allen,C,C,21.0,BRK,64.0,1647.0,20.3,0.658,0.012,0.574,12.5,25.0,18.9,7.8,1.1,4.3,12.2,15.0,0.0,4.3,2.8,7.1,0.207,1.0,1.1,2.1,1.7
6,Kadeem Allen,SG,SG,27.0,NYK,10.0,117.0,14.0,0.512,0.364,0.25,1.8,6.6,4.1,27.0,2.1,1.6,14.1,20.6,0.0,0.1,0.1,0.1,0.053,0.0,-0.6,-0.6,0.0
7,Al-Farouq Aminu,PF,PF,29.0,ORL,18.0,380.0,7.6,0.395,0.419,0.337,6.6,18.4,12.3,7.4,2.3,1.9,14.7,13.2,0.0,-0.4,0.5,0.1,0.016,-4.5,1.4,-3.1,-0.1
8,Justin Anderson,SF,SF,26.0,BRK,3.0,17.0,-3.8,0.218,0.5,0.333,0.0,11.8,6.1,0.0,0.0,4.9,0.0,16.9,0.0,-0.1,0.0,-0.1,-0.167,-12.8,-2.3,-15.1,-0.1
9,Kyle Anderson,PF,PF,26.0,MEM,59.0,1140.0,13.0,0.542,0.221,0.236,5.1,18.3,11.8,15.1,1.9,2.4,15.1,13.3,0.0,0.9,1.4,2.2,0.095,-1.3,1.9,0.6,0.7
10,Ryan Anderson,PF,PF,31.0,HOU,2.0,14.0,9.5,0.357,0.714,0.0,0.0,52.8,26.2,20.1,3.3,0.0,12.5,23.6,0.0,0.0,0.0,0.0,-0.031,-4.1,0.7,-3.4,0.0
11,Giannis Antetokounmpo,PF,PF,25.0,MIL,57.0,1763.0,31.6,0.608,0.238,0.5,7.8,34.5,22.0,33.9,1.5,2.9,13.1,37.4,0.0,5.6,4.8,10.4,0.282,7.4,4.1,11.5,6.0
12,Kostas Antetokounmpo,PF,PF,22.0,LAL,3.0,5.0,8.6,0.0,0.0,0.0,0.0,21.3,10.9,22.4,0.0,0.0,0.0,0.0,0.0,0.0,0.0,0.0,0.136,1.2,3.1,4.3,0.0
13,Thanasis Antetokounmpo,SF,SF,27.0,MIL,18.0,93.0,14.2,0.528,0.194,0.417,12.4,8.0,10.1,13.8,2.9,1.9,20.5,23.8,0.0,0.0,0.2,0.2,0.083,-4.0,1.7,-2.3,0.0
14,Carmelo Anthony,PF,PF,35.0,POR,50.0,1623.0,12.2,0.517,0.286,0.197,4.0,15.8,10.0,7.0,1.2,1.2,10.5,21.6,0.0,0.1,0.9,1.0,0.029,-1.9,-1.8,-3.7,-0.7
15,OG Anunoby,SF,SF,22.0,TOR,63.0,1897.0,13.2,0.598,0.408,0.163,4.2,14.6,9.5,7.5,2.2,2.1,11.7,14.4,0.0,1.8,3.3,5.1,0.13,-0.9,1.8,0.9,1.4
16,Ryan Arcidiacono,PG,PG,25.0,CHI,58.0,930.0,9.0,0.551,0.627,0.173,2.3,11.2,6.5,14.3,1.4,0.3,13.5,12.5,0.0,0.7,0.7,1.4,0.07,-2.7,-0.1,-2.8,-0.2
17,Trevor Ariza,SF,SF,34.0,TOT,53.0,1493.0,11.0,0.593,0.639,0.228,2.5,15.6,9.0,8.1,2.2,0.9,13.6,11.9,0.0,1.3,1.3,2.6,0.084,-1.5,0.9,-0.5,0.6
18,Trevor Ariza,SF,SF,34.0,SAC,32.0,791.0,9.4,0.543,0.739,0.164,2.9,18.3,10.4,8.4,2.2,0.8,13.7,11.3,0.0,0.3,0.8,1.1,0.069,-1.9,1.3,-0.6,0.3
19,Trevor Ariza,SF,SF,34.0,POR,21.0,702.0,12.8,0.643,0.535,0.296,1.9,12.6,7.4,7.7,2.3,1.0,13.5,12.6,0.0,1.0,0.5,1.5,0.101,-1.0,0.5,-0.5,0.3
20,D.J. Augustin,PG,PG,32.0,ORL,49.0,1215.0,14.2,0.548,0.438,0.395,1.5,8.3,4.8,26.7,1.2,0.1,12.9,19.1,0.0,1.8,0.8,2.6,0.101,-0.3,-1.0,-1.4,0.2
21,Deandre Ayton,C,C,21.0,PHO,30.0,996.0,20.4,0.571,0.006,0.168,13.5,27.0,20.1,9.7,1.0,4.5,12.4,24.3,0.0,1.1,1.3,2.4,0.117,0.8,-0.4,0.5,0.6
23,Dwayne Bacon,SG,SG,24.0,CHO,39.0,687.0,6.1,0.419,0.275,0.217,2.3,14.0,7.9,11.7,1.7,0.3,12.2,19.5,0.0,-1.2,0.4,-0.8,-0.053,-5.9,-0.9,-6.8,-0.8
24,Marvin Bagley III,PF,PF,20.0,SAC,13.0,334.0,15.7,0.512,0.132,0.186,9.5,23.6,16.4,5.0,0.9,3.4,9.1,25.9,0.0,0.0,0.4,0.4,0.055,-2.1,-1.3,-3.4,-0.1
25,Lonzo Ball,PG,PG,22.0,NOP,56.0,1817.0,13.7,0.529,0.578,0.107,3.6,16.6,10.1,29.3,2.0,1.4,20.7,18.6,0.0,0.7,1.9,2.6,0.068,0.4,0.6,1.0,1.3
26,Mo Bamba,C,C,21.0,ORL,60.0,868.0,17.8,0.549,0.369,0.163,11.7,25.7,18.5,7.3,1.2,8.9,12.2,17.2,0.0,0.9,1.7,2.5,0.14,-1.1,1.7,0.5,0.6
27,J.J. Barea,PG,PG,35.0,DAL,26.0,391.0,14.9,0.519,0.425,0.101,2.7,10.0,6.4,37.7,0.5,0.4,15.8,24.3,0.0,0.5,0.2,0.7,0.084,1.8,-2.7,-1.0,0.1
28,Harrison Barnes,PF,PF,27.0,SAC,64.0,2231.0,13.3,0.575,0.342,0.343,3.0,12.7,7.7,9.9,0.8,0.4,8.9,17.6,0.0,3.1,1.1,4.2,0.091,0.0,-1.2,-1.2,0.5
29,RJ Barrett,SG,SG,19.0,NYK,56.0,1704.0,10.7,0.479,0.271,0.349,3.0,14.8,8.7,12.8,1.6,0.9,12.9,24.0,0.0,-1.6,1.1,-0.5,-0.015,-2.8,-1.5,-4.3,-1.0
30,Will Barton,SF,SF,29.0,DEN,58.0,1916.0,15.7,0.549,0.39,0.18,4.4,16.8,10.6,16.0,1.6,1.4,9.9,20.0,0.0,2.4,2.1,4.5,0.113,1.2,-0.1,1.2,1.5
31,Keita Bates-Diop,SF,SF,24.0,TOT,39.0,665.0,12.6,0.541,0.452,0.332,3.2,15.0,8.9,6.5,1.2,2.6,5.5,15.6,0.0,0.6,0.5,1.1,0.081,-0.8,-0.1,-0.8,0.2
32,Keita Bates-Diop,SF,SF,24.0,MIN,37.0,646.0,12.5,0.535,0.456,0.316,3.3,15.1,9.0,6.7,1.2,2.6,5.6,15.8,0.0,0.6,0.5,1.0,0.076,-0.8,-0.1,-0.9,0.2
33,Keita Bates-Diop,SF,SF,24.0,DEN,2.0,19.0,15.8,0.931,0.0,2.0,0.0,11.7,5.9,0.0,0.0,4.8,0.0,8.6,0.0,0.1,0.0,0.1,0.218,0.0,0.1,0.0,0.0
34,Nicolas Batum,SF,SF,31.0,CHO,22.0,505.0,9.2,0.463,0.605,0.123,5.2,16.8,10.8,18.3,1.7,1.5,20.5,9.4,0.0,0.2,0.4,0.6,0.055,-2.7,0.9,-1.9,0.0
35,Aron Baynes,C,C,33.0,PHO,42.0,934.0,15.1,0.581,0.441,0.197,8.3,20.2,14.1,11.0,0.5,2.2,10.8,21.1,0.0,1.3,0.7,2.0,0.103,-0.2,-0.9,-1.1,0.2
36,Kent Bazemore,SF-SG,SF,30.0,TOT,64.0,1604.0,9.2,0.5,0.461,0.287,1.6,16.9,9.2,7.1,2.1,2.1,13.2,17.2,0.0,-0.8,1.5,0.7,0.02,-3.4,0.4,-3.0,-0.4
37,Kent Bazemore,SF,SF,30.0,POR,43.0,1111.0,7.6,0.475,0.525,0.221,1.2,14.6,8.0,7.2,1.9,2.4,14.4,16.0,0.0,-1.0,0.9,-0.1,-0.005,-3.6,0.4,-3.2,-0.3
38,Kent Bazemore,SG,SG,30.0,SAC,21.0,493.0,13.0,0.543,0.337,0.414,2.5,22.1,12.0,7.1,2.5,1.6,11.1,19.9,0.0,0.2,0.6,0.8,0.077,-3.0,0.4,-2.6,-0.1
39,Darius Bazley,PF,PF,19.0,OKC,53.0,909.0,8.1,0.475,0.435,0.204,2.7,20.7,12.0,4.3,1.1,3.3,13.8,14.1,0.0,-0.8,1.2,0.4,0.019,-3.1,0.6,-2.5,-0.1
40,Bradley Beal,SG,SG,26.0,WAS,57.0,2053.0,23.1,0.579,0.369,0.351,2.7,10.6,6.5,29.1,1.6,1.0,11.4,34.4,0.0,4.6,0.5,5.1,0.119,5.3,-2.4,2.9,2.5
41,Malik Beasley,SG,SG,23.0,TOT,55.0,1209.0,12.7,0.546,0.517,0.124,1.6,11.9,6.6,9.4,1.6,0.6,9.2,21.8,0.0,0.4,0.9,1.3,0.053,-0.7,-1.3,-2.0,0.0
42,Malik Beasley,SG,SG,23.0,DEN,41.0,746.0,10.5,0.511,0.535,0.126,1.3,10.1,5.7,9.1,2.1,0.7,10.2,20.6,0.0,-0.2,0.7,0.6,0.037,-2.2,-0.6,-2.8,-0.2
43,Malik Beasley,SG,SG,23.0,MIN,14.0,463.0,16.2,0.591,0.494,0.12,2.0,14.7,8.1,9.8,0.9,0.4,7.9,23.7,0.0,0.6,0.2,0.8,0.079,1.8,-2.4,-0.6,0.2
44,Marco Belinelli,SG,SG,33.0,SAS,52.0,779.0,10.2,0.521,0.572,0.151,0.6,11.9,6.2,11.3,0.6,0.1,5.2,17.0,0.0,0.4,0.1,0.6,0.035,-1.0,-1.9,-2.9,-0.2
45,Jordan Bell,C-PF,C,25.0,TOT,29.0,256.0,13.9,0.577,0.179,0.463,12.0,21.8,16.7,8.9,0.5,3.2,20.7,16.4,0.0,0.2,0.2,0.4,0.07,-1.4,-1.1,-2.5,0.0
46,Jordan Bell,C,C,25.0,MIN,27.0,235.0,14.1,0.57,0.15,0.483,12.1,23.3,17.5,8.6,0.4,3.5,19.8,15.9,0.0,0.2,0.2,0.4,0.072,-1.5,-1.1,-2.5,0.0
47,Jordan Bell,PF,PF,25.0,MEM,2.0,21.0,12.6,0.635,0.429,0.286,10.2,4.9,7.5,12.8,2.2,0.0,27.6,21.5,0.0,0.0,0.0,0.0,0.046,-0.4,-1.1,-1.5,0.0
48,DeAndre' Bembry,SG,SG,25.0,ATL,43.0,915.0,9.6,0.5,0.285,0.211,4.0,14.1,8.9,12.3,2.8,1.7,19.4,14.0,0.0,-0.5,0.7,0.2,0.011,-3.5,1.0,-2.4,-0.1
49,Dragan Bender,SF,SF,22.0,TOT,16.0,286.0,11.0,0.545,0.467,0.152,5.9,21.1,13.5,14.4,0.7,2.8,17.6,17.7,0.0,0.0,0.3,0.3,0.053,-3.0,0.1,-2.9,-0.1
50,Dragan Bender,SF,SF,22.0,MIL,7.0,91.0,8.5,0.582,0.429,0.143,0.0,20.5,10.9,12.5,0.0,4.8,18.3,12.4,0.0,0.0,0.2,0.2,0.11,-4.3,3.0,-1.3,0.0
51,Dragan Bender,SF,SF,22.0,GSW,9.0,195.0,12.1,0.534,0.479,0.155,8.6,21.3,14.7,15.2,1.0,1.8,17.4,20.1,0.0,0.0,0.1,0.1,0.027,-2.4,-1.3,-3.6,-0.1
52,Davis Bertans,PF,PF,27.0,WAS,54.0,1583.0,15.5,0.628,0.774,0.2,2.3,15.1,8.5,8.3,1.1,1.8,8.2,19.0,0.0,3.0,0.5,3.5,0.106,2.7,-1.8,0.9,1.1
54,Patrick Beverley,PG,PG,31.0,LAC,48.0,1299.0,12.3,0.554,0.609,0.126,4.6,15.7,10.3,18.2,1.9,1.7,15.7,13.0,0.0,1.4,2.0,3.4,0.126,-0.5,2.6,2.1,1.3
55,Khem Birch,C,C,27.0,ORL,40.0,777.0,10.1,0.529,0.009,0.583,9.3,15.7,12.4,6.1,1.0,2.4,13.7,9.3,0.0,0.7,0.8,1.5,0.092,-3.3,0.3,-3.0,-0.2
56,Goga Bitadze,C,C,20.0,IND,49.0,410.0,12.2,0.53,0.279,0.256,6.0,19.8,12.9,7.1,0.7,6.9,14.8,18.1,0.0,-0.1,0.7,0.6,0.069,-4.0,1.5,-2.5,0.0
57,Bismack Biyombo,C,C,27.0,CHO,53.0,1029.0,16.1,0.57,0.0,0.543,12.3,20.7,16.3,7.8,0.5,4.4,12.2,16.8,0.0,1.5,0.9,2.4,0.113,-1.8,-0.7,-2.5,-0.1
58,Nemanja Bjelica,PF,PF,31.0,SAC,64.0,1821.0,15.6,0.597,0.488,0.121,6.5,19.4,12.8,14.6,1.4,1.7,12.6,17.4,0.0,3.0,1.7,4.7,0.125,1.2,0.4,1.6,1.7
59,Eric Bledsoe,PG,PG,30.0,MIL,56.0,1524.0,18.1,0.579,0.304,0.292,2.8,13.3,8.4,28.5,1.6,1.4,15.8,24.0,0.0,2.4,2.9,5.3,0.168,1.1,1.1,2.2,1.6
60,Bogdan Bogdanovic,SG,SG,27.0,SAC,53.0,1510.0,14.3,0.56,0.595,0.164,1.2,11.8,6.4,17.2,1.7,0.9,11.5,22.3,0.0,1.2,1.1,2.4,0.075,0.7,-0.3,0.4,0.9
61,Bojan Bogdanovic,SF,SF,30.0,UTA,63.0,2083.0,15.7,0.603,0.489,0.296,2.2,11.1,6.8,9.9,0.8,0.3,13.1,25.6,0.0,2.7,1.6,4.3,0.099,1.6,-1.5,0.2,1.1
62,Jonah Bolden,PF,PF,24.0,TOT,7.0,47.0,4.9,0.392,0.364,0.364,7.0,14.4,10.6,0.0,3.0,3.7,13.6,13.4,0.0,-0.1,0.1,0.0,-0.008,-8.8,-0.1,-8.9,-0.1
63,Jonah Bolden,PF,PF,24.0,PHI,4.0,14.0,-2.0,0.515,0.333,0.667,0.0,7.9,3.9,0.0,3.5,0.0,34.0,18.1,0.0,-0.1,0.0,0.0,-0.147,-13.9,-0.7,-14.7,0.0
64,Jonah Bolden,PF,PF,24.0,PHO,3.0,33.0,7.9,0.338,0.375,0.25,9.9,17.2,13.5,0.0,2.9,5.3,0.0,11.4,0.0,0.0,0.1,0.0,0.051,-6.6,0.1,-6.5,0.0
65,Marques Bolden,C,C,21.0,CLE,1.0,3.0,19.8,0.0,0.0,0.0,0.0,74.7,37.0,0.0,16.2,0.0,0.0,0.0,0.0,0.0,0.0,0.0,0.282,-5.8,11.3,5.5,0.0
66,Jordan Bone,PG,PG,22.0,DET,10.0,53.0,0.8,0.3,0.5,0.0,0.0,8.7,4.3,21.0,0.9,0.0,9.1,18.1,0.0,-0.1,0.0,-0.1,-0.118,-9.0,-2.9,-11.9,-0.1
67,Isaac Bonga,SF,SF,20.0,WAS,58.0,1025.0,10.7,0.627,0.299,0.348,6.3,13.6,9.8,7.7,1.7,1.8,16.2,10.3,0.0,1.3,0.4,1.7,0.081,-2.4,0.0,-2.4,-0.1
68,Devin Booker,SG,SG,23.0,PHO,62.0,2241.0,19.8,0.617,0.313,0.395,1.3,11.7,6.4,30.2,1.0,0.6,15.7,29.5,0.0,4.8,1.2,6.0,0.129,3.1,-1.4,1.7,2.1
69,Chris Boucher,PF,PF,27.0,TOR,55.0,724.0,19.8,0.57,0.381,0.396,14.0,21.1,17.7,4.7,1.3,7.1,7.0,19.4,0.0,1.7,1.5,3.2,0.214,0.4,1.0,1.4,0.6
70,Brian Bowen,SG,SG,21.0,IND,5.0,29.0,-2.0,0.222,0.222,0.0,3.8,22.7,13.3,0.0,0.0,3.0,10.0,15.2,0.0,-0.1,0.0,-0.1,-0.154,-9.7,-2.1,-11.8,-0.1
71,Ky Bowman,PG,PG,22.0,GSW,45.0,1015.0,9.2,0.494,0.333,0.128,2.5,10.7,6.5,19.4,2.1,0.9,17.1,17.2,0.0,-0.6,0.6,-0.1,-0.003,-4.0,-0.3,-4.3,-0.6
72,Avery Bradley,SG,SG,29.0,LAL,49.0,1186.0,8.9,0.537,0.452,0.063,1.7,8.7,5.3,7.1,1.7,0.4,10.7,15.7,0.0,0.2,1.4,1.6,0.066,-2.9,0.5,-2.4,-0.1
73,Tony Bradley,C,C,22.0,UTA,50.0,535.0,21.8,0.675,0.006,0.258,19.3,24.7,22.1,4.9,1.1,3.9,11.8,16.1,0.0,1.8,0.9,2.7,0.242,0.9,0.4,1.3,0.4
74,Jarrell Brantley,PF,PF,23.0,UTA,5.0,13.0,2.7,0.0,0.0,0.0,0.0,40.3,21.1,9.2,0.0,12.8,100.0,6.8,0.0,0.0,0.0,0.0,-0.053,-8.6,5.9,-2.7,0.0
75,Ignas Brazdeikis,SF,SF,21.0,NYK,9.0,53.0,3.3,0.351,0.409,0.227,3.9,6.2,5.0,10.6,0.0,1.8,7.6,21.0,0.0,-0.1,0.0,-0.1,-0.109,-5.0,-3.9,-8.9,-0.1
77,Mikal Bridges,SF,SF,23.0,PHO,65.0,1772.0,13.0,0.623,0.391,0.258,3.6,12.8,8.1,8.9,2.5,1.9,12.5,12.4,0.0,2.2,1.9,4.1,0.111,-0.7,1.5,0.8,1.3
78,Miles Bridges,SF,SF,21.0,CHO,65.0,1995.0,12.1,0.52,0.398,0.174,4.6,15.6,9.9,9.4,1.0,2.2,10.5,20.0,0.0,0.3,1.3,1.6,0.038,-1.5,-1.0,-2.5,-0.3
79,Oshae Brissett,SF,SF,21.0,TOR,19.0,135.0,6.7,0.458,0.417,0.278,7.2,13.0,10.2,7.0,1.4,0.7,14.8,15.0,0.0,-0.1,0.2,0.1,0.042,-5.7,0.3,-5.4,-0.1
80,Ryan Broekhoff,SG,SG,29.0,DAL,17.0,180.0,13.1,0.568,0.864,0.136,3.0,21.7,12.5,8.3,1.3,1.9,8.8,16.3,0.0,0.2,0.2,0.4,0.116,0.4,0.4,0.9,0.1
81,Malcolm Brogdon,PG,PG,27.0,IND,48.0,1472.0,17.8,0.537,0.296,0.246,3.0,13.8,8.5,34.5,1.1,0.5,13.6,25.2,0.0,2.0,1.4,3.5,0.113,2.2,-0.5,1.7,1.4
82,Dillon Brooks,SG,SG,24.0,MEM,65.0,1851.0,11.1,0.508,0.387,0.192,3.5,8.4,6.0,10.0,1.4,1.2,9.7,25.0,0.0,-0.3,1.3,1.0,0.025,-2.8,-1.5,-4.3,-1.1
83,Bruce Brown,SG,SG,23.0,DET,58.0,1634.0,11.9,0.518,0.215,0.266,4.2,15.0,9.5,20.4,1.9,1.5,16.7,16.0,0.0,0.8,1.4,2.1,0.062,-2.0,0.8,-1.2,0.3
84,Charlie Brown,SG,SG,22.0,ATL,10.0,40.0,11.1,0.472,0.474,0.263,5.3,5.5,5.4,7.3,2.3,4.2,12.4,25.1,0.0,0.0,0.0,0.0,-0.028,-1.1,-1.4,-2.5,0.0
85,Jaylen Brown,SF,SF,23.0,BOS,50.0,1702.0,17.1,0.589,0.364,0.28,3.4,16.5,10.0,10.2,1.6,0.9,11.8,24.7,0.0,2.1,2.3,4.5,0.126,1.0,-0.1,0.9,1.2
86,Moses Brown,C,C,20.0,POR,9.0,33.0,6.7,0.407,0.0,0.8,9.6,34.0,22.0,4.1,1.4,2.6,18.2,21.2,0.0,-0.1,0.0,0.0,-0.062,-8.2,-1.7,-9.9,-0.1
87,Sterling Brown,SF,SF,24.0,MIL,45.0,665.0,9.3,0.478,0.523,0.161,4.4,19.2,12.3,8.8,1.5,0.9,13.4,16.7,0.0,-0.4,1.3,1.0,0.071,-3.1,1.0,-2.0,0.0
88,Troy Brown Jr.,SG,SG,20.0,WAS,61.0,1519.0,13.7,0.534,0.287,0.225,4.4,19.6,11.7,13.0,2.3,0.3,10.5,17.0,0.0,1.2,0.9,2.2,0.069,-0.8,-0.4,-1.3,0.3
89,Jalen Brunson,PG,PG,23.0,DAL,57.0,1022.0,15.0,0.553,0.309,0.193,2.3,11.3,6.9,26.9,1.0,0.3,13.6,20.4,0.0,1.6,0.7,2.3,0.108,0.1,-0.9,-0.8,0.3
90,Thomas Bryant,C,C,22.0,WAS,38.0,901.0,20.0,0.659,0.176,0.309,8.8,23.4,15.8,11.9,0.7,3.2,12.1,18.3,0.0,2.4,0.5,2.9,0.153,2.1,-1.2,0.9,0.7
91,Reggie Bullock,SG,SG,28.0,NYK,29.0,684.0,9.3,0.502,0.496,0.094,2.0,8.8,5.3,8.8,1.8,0.4,7.5,15.6,0.0,0.2,0.3,0.5,0.036,-2.7,-0.3,-3.0,-0.2
92,Trey Burke,PG,PG,27.0,PHI,25.0,329.0,15.4,0.545,0.299,0.142,5.0,6.7,5.9,24.2,1.0,0.3,8.2,19.3,0.0,0.6,0.2,0.9,0.129,0.7,-1.1,-0.5,0.1
93,Alec Burks,SG,SG,28.0,TOT,59.0,1612.0,16.0,0.549,0.389,0.358,2.8,15.2,8.8,16.9,1.7,0.9,9.5,23.8,0.0,1.9,1.1,2.9,0.088,0.6,-0.7,-0.2,0.7
94,Alec Burks,SG,SG,28.0,GSW,48.0,1390.0,16.1,0.552,0.373,0.373,2.8,15.3,8.8,17.4,1.7,1.1,9.8,23.8,0.0,1.6,0.8,2.5,0.085,0.7,-0.6,0.1,0.7
95,Alec Burks,SG,SG,28.0,PHI,11.0,222.0,14.9,0.527,0.49,0.27,3.0,14.9,9.0,13.4,1.8,0.0,7.4,23.5,0.0,0.2,0.2,0.5,0.103,-0.2,-1.5,-1.7,0.0
96,Deonte Burton,SG,SG,26.0,OKC,34.0,284.0,5.9,0.426,0.438,0.114,2.4,15.9,9.4,5.6,0.9,3.0,11.3,19.3,0.0,-0.6,0.3,-0.3,-0.046,-5.5,-0.4,-5.8,-0.3
97,Jimmy Butler,SF,SF,30.0,MIA,54.0,1851.0,23.4,0.583,0.162,0.679,6.2,15.2,10.9,28.1,2.4,1.6,11.2,25.2,0.0,6.0,2.5,8.5,0.219,4.0,1.3,5.2,3.4
98,Bruno Caboclo,SF,SF,24.0,TOT,27.0,220.0,13.4,0.455,0.364,0.065,10.6,14.5,12.6,7.4,2.5,6.3,10.2,16.7,0.0,0.0,0.4,0.3,0.07,-2.5,1.1,-1.4,0.0
99,Bruno Caboclo,SF,SF,24.0,MEM,22.0,192.0,11.9,0.441,0.362,0.043,9.5,14.5,12.0,7.0,2.4,5.4,9.1,16.7,0.0,-0.1,0.3,0.2,0.051,-3.3,0.8,-2.4,0.0
100,Bruno Caboclo,SF,SF,24.0,HOU,5.0,28.0,23.6,0.563,0.375,0.25,18.6,15.1,16.9,10.1,3.3,12.2,18.4,16.0,0.0,0.1,0.1,0.1,0.2,2.5,3.2,5.7,0.1
102,Kentavious Caldwell-Pope,SG,SG,26.0,LAL,63.0,1603.0,11.6,0.592,0.474,0.204,2.6,6.3,4.5,8.7,1.6,0.7,9.8,14.8,0.0,2.0,1.8,3.8,0.114,-0.8,0.5,-0.3,0.7
103,Vlatko Cancar,SF,SF,22.0,DEN,14.0,45.0,11.4,0.507,0.4,0.267,12.4,12.4,12.4,9.1,1.1,2.0,15.2,19.1,0.0,0.0,0.0,0.1,0.069,-3.5,-1.1,-4.5,0.0
104,Clint Capela,C,C,25.0,HOU,39.0,1279.0,20.7,0.626,0.0,0.268,13.7,30.5,22.0,5.7,1.2,4.8,12.7,16.0,0.0,2.9,2.1,5.0,0.186,1.1,0.4,1.5,1.1
105,DeMarre Carroll,SF,SF,33.0,TOT,21.0,231.0,8.5,0.523,0.5,0.667,5.1,16.7,10.9,10.1,0.8,1.5,18.6,15.8,0.0,0.0,0.1,0.1,0.026,-3.4,-1.1,-4.5,-0.1
106,DeMarre Carroll,SF,SF,33.0,SAS,15.0,135.0,5.0,0.437,0.448,0.69,5.6,19.2,12.4,10.2,0.7,1.3,20.9,15.4,0.0,-0.2,0.1,-0.1,-0.038,-6.0,-1.1,-7.1,-0.2
107,DeMarre Carroll,SF,SF,33.0,HOU,6.0,96.0,13.5,0.624,0.56,0.64,4.3,13.2,8.7,10.0,1.0,1.8,15.8,16.4,0.0,0.2,0.1,0.2,0.116,0.3,-1.1,-0.8,0.0
108,Jevon Carter,PG,PG,24.0,PHO,50.0,754.0,10.4,0.535,0.571,0.122,3.6,11.0,7.2,11.7,2.4,1.5,12.6,13.9,0.0,0.3,0.7,1.1,0.068,-1.6,1.0,-0.6,0.3
109,Vince Carter,SF,SF,43.0,ATL,60.0,876.0,7.6,0.47,0.664,0.095,2.2,13.2,7.6,7.7,1.2,2.4,9.4,16.6,0.0,-0.6,0.4,-0.2,-0.011,-3.1,-1.2,-4.3,-0.5
110,Wendell Carter Jr.,C,C,20.0,CHI,43.0,1256.0,15.5,0.59,0.085,0.443,11.6,24.6,17.8,6.0,1.3,2.7,14.9,16.4,0.0,1.7,1.6,3.3,0.127,-2.1,-0.3,-2.4,-0.1
111,Michael Carter-Williams,SG,SG,28.0,ORL,42.0,773.0,15.7,0.539,0.281,0.36,5.9,13.8,9.7,19.4,2.8,2.3,14.6,18.4,0.0,0.7,1.1,1.9,0.116,-1.3,1.7,0.4,0.5
112,Alex Caruso,PG,PG,25.0,LAL,58.0,1032.0,11.0,0.538,0.412,0.292,1.5,10.1,5.9,12.6,2.8,1.4,13.6,13.9,0.0,0.6,1.6,2.2,0.103,-2.4,2.4,0.1,0.5
113,Willie Cauley-Stein,C,C,26.0,TOT,54.0,1097.0,17.0,0.589,0.003,0.219,8.0,23.2,15.5,9.9,2.1,4.9,10.8,14.4,0.0,1.5,1.5,3.0,0.129,-1.2,1.7,0.5,0.7
114,Willie Cauley-Stein,C,C,26.0,GSW,41.0,940.0,16.2,0.573,0.0,0.222,7.9,22.0,14.7,9.9,2.3,4.8,11.0,14.4,0.0,1.0,1.2,2.2,0.113,-1.5,1.6,0.1,0.5
115,Willie Cauley-Stein,C,C,26.0,DAL,13.0,157.0,22.3,0.684,0.022,0.2,8.8,30.7,20.0,9.6,1.2,5.9,9.3,14.7,0.0,0.5,0.3,0.8,0.23,1.0,2.3,3.2,0.2
116,Tyson Chandler,C,C,37.0,HOU,26.0,219.0,10.8,0.717,0.0,0.722,11.9,19.8,15.8,3.5,1.3,3.1,25.2,6.0,0.0,0.3,0.3,0.6,0.13,-2.5,1.1,-1.4,0.0
117,Wilson Chandler,SF,SF,32.0,BRK,35.0,734.0,7.4,0.531,0.661,0.126,1.6,18.3,10.2,7.4,1.0,1.4,15.0,13.0,0.0,-0.1,0.9,0.8,0.05,-3.9,1.0,-2.9,-0.2
118,Joe Chealey,PG,PG,24.0,CHO,4.0,33.0,-2.8,0.127,0.571,0.286,0.0,0.0,0.0,3.9,6.1,0.0,20.2,13.2,0.0,-0.2,0.0,-0.1,-0.189,-14.3,1.7,-12.6,-0.1
119,Zylan Cheatham,SF,SF,24.0,NOP,3.0,31.0,0.1,0.4,0.2,0.0,3.4,17.1,10.2,7.9,0.0,2.7,37.5,10.5,0.0,-0.1,0.0,-0.1,-0.08,-10.2,0.1,-10.2,-0.1
120,Chris Chiozza,PG,PG,24.0,TOT,21.0,249.0,12.9,0.526,0.519,0.025,2.5,12.5,7.4,26.7,2.8,0.7,17.5,16.2,0.0,0.1,0.3,0.4,0.077,-0.8,1.6,0.8,0.2
121,Chris Chiozza,PG,PG,24.0,WAS,10.0,123.0,9.2,0.397,0.471,0.0,0.0,13.9,6.7,28.9,3.8,1.4,20.9,14.5,0.0,-0.1,0.1,0.0,-0.002,-3.6,2.1,-1.4,0.0
122,Chris Chiozza,PG,PG,24.0,BRK,11.0,126.0,16.5,0.621,0.556,0.044,5.0,11.2,8.2,24.5,1.9,0.0,14.8,17.9,0.0,0.3,0.1,0.4,0.154,1.8,1.1,3.0,0.2
123,Marquese Chriss,PF,PF,22.0,GSW,59.0,1196.0,19.4,0.604,0.101,0.405,10.0,23.6,16.5,15.3,1.6,4.7,14.7,19.0,0.0,2.1,1.3,3.4,0.136,0.1,0.5,0.6,0.8
124,Gary Clark,PF,PF,25.0,TOT,35.0,425.0,10.3,0.534,0.851,0.089,6.6,14.8,10.6,4.7,0.6,2.9,4.5,10.9,0.0,0.5,0.4,0.9,0.098,-1.1,-1.1,-2.2,0.0
125,Gary Clark,PF,PF,25.0,HOU,18.0,212.0,11.9,0.564,0.864,0.119,5.4,14.4,9.9,7.6,0.4,2.8,3.1,12.5,0.0,0.4,0.2,0.6,0.126,0.4,-0.9,-0.5,0.1
126,Gary Clark,PF,PF,25.0,ORL,17.0,213.0,8.8,0.49,0.833,0.048,7.8,15.1,11.3,1.9,0.7,3.0,6.5,9.3,0.0,0.1,0.2,0.3,0.07,-2.7,-1.3,-3.9,-0.1
127,Brandon Clarke,PF,PF,23.0,MEM,50.0,1086.0,21.8,0.67,0.127,0.228,7.7,20.3,14.1,10.1,1.1,3.3,9.3,19.0,0.0,3.1,1.3,4.4,0.192,2.8,0.7,3.5,1.5
128,Jordan Clarkson,SG,SG,27.0,TOT,63.0,1527.0,17.9,0.583,0.469,0.193,3.5,8.5,6.0,13.4,1.4,0.8,9.1,25.5,0.0,2.6,0.9,3.5,0.11,2.7,-1.1,1.6,1.4
129,Jordan Clarkson,SG,SG,27.0,CLE,29.0,666.0,18.6,0.581,0.488,0.264,3.5,8.1,5.8,17.0,1.2,1.0,9.7,25.9,0.0,1.4,0.1,1.5,0.108,4.1,-1.4,2.7,0.8
130,Jordan Clarkson,SG,SG,27.0,UTA,34.0,861.0,17.4,0.584,0.454,0.138,3.5,8.8,6.2,10.5,1.5,0.7,8.7,25.3,0.0,1.2,0.8,2.0,0.112,1.6,-0.9,0.7,0.6
131,Nicolas Claxton,PF,PF,20.0,BRK,15.0,187.0,14.9,0.577,0.146,0.438,10.7,13.4,12.1,12.6,0.3,3.5,13.6,14.8,0.0,0.3,0.2,0.5,0.124,-0.7,0.0,-0.7,0.1
133,Chris Clemons,SG,SG,22.0,HOU,29.0,251.0,12.6,0.546,0.746,0.056,1.2,8.4,4.8,13.5,1.1,1.7,11.6,24.0,0.0,0.1,0.2,0.2,0.046,0.4,-1.7,-1.3,0.1
134,Antonius Cleveland,SG,SG,25.0,DAL,6.0,22.0,2.9,0.363,0.167,0.333,0.0,14.0,7.1,0.0,2.2,3.9,12.7,15.3,0.0,-0.1,0.0,0.0,-0.074,-8.9,0.7,-8.3,0.0
135,Amir Coffey,SG,SG,22.0,LAC,13.0,98.0,5.9,0.408,0.212,0.091,4.3,10.3,7.4,12.6,0.5,0.9,8.0,15.8,0.0,-0.1,0.1,0.0,0.009,-5.7,-1.1,-6.8,-0.1
136,John Collins,PF,PF,22.0,ATL,41.0,1363.0,23.5,0.659,0.243,0.248,9.0,24.0,16.4,7.6,1.1,4.1,10.1,22.7,0.0,3.8,1.1,4.9,0.174,3.7,-0.7,3.1,1.7
137,Zach Collins,PF,PF,22.0,POR,3.0,86.0,9.0,0.624,0.368,0.316,4.9,9.5,7.2,9.1,0.0,2.0,21.7,13.6,0.0,0.1,0.0,0.1,0.045,-1.1,-0.7,-1.7,0.0
138,Mike Conley,PG,PG,32.0,UTA,41.0,1171.0,13.7,0.527,0.438,0.241,2.7,9.5,6.2,22.8,1.3,0.3,12.4,23.0,0.0,1.0,1.0,2.1,0.085,0.4,-0.4,0.0,0.6
139,Pat Connaughton,SG,SG,27.0,MIL,61.0,1119.0,11.2,0.558,0.525,0.138,5.3,16.9,11.4,10.6,0.8,2.3,14.5,11.9,0.0,0.9,2.1,3.0,0.13,-1.1,1.6,0.5,0.7
140,Quinn Cook,PG,PG,26.0,LAL,38.0,409.0,10.5,0.517,0.382,0.052,1.9,8.6,5.3,13.9,1.3,0.2,12.4,20.8,0.0,-0.1,0.4,0.4,0.043,-2.3,-1.0,-3.3,-0.1
141,Tyler Cook,PF,PF,22.0,CLE,11.0,35.0,23.8,0.752,0.0,0.6,12.6,19.2,15.9,4.5,1.4,0.0,7.3,16.7,0.0,0.2,0.0,0.2,0.244,3.0,-0.6,2.4,0.0
142,Robert Covington,PF,PF,29.0,TOT,62.0,1867.0,13.6,0.571,0.654,0.167,3.0,19.9,11.2,5.8,2.4,3.6,11.8,17.4,0.0,0.9,2.4,3.3,0.085,-1.0,1.1,0.1,1.0
143,Robert Covington,PF,PF,29.0,MIN,48.0,1411.0,13.5,0.572,0.629,0.19,2.6,19.5,10.7,5.9,2.6,2.6,12.0,17.8,0.0,0.5,1.7,2.3,0.078,-1.2,1.2,0.0,0.7
144,Robert Covington,PF,PF,29.0,HOU,14.0,456.0,14.1,0.566,0.737,0.092,4.1,21.3,12.7,5.5,1.5,6.6,11.2,16.1,0.0,0.3,0.7,1.0,0.108,-0.3,0.8,0.5,0.3
145,Allen Crabbe,SG,SG,27.0,TOT,37.0,653.0,6.0,0.47,0.672,0.079,1.8,11.0,6.3,6.8,1.1,0.5,8.5,12.7,0.0,-0.2,0.1,-0.1,-0.007,-3.7,-1.5,-5.3,-0.5
146,Allen Crabbe,SG,SG,27.0,ATL,28.0,522.0,7.2,0.482,0.65,0.084,2.0,11.5,6.7,7.3,1.3,0.6,7.5,12.7,0.0,0.0,0.1,0.1,0.008,-3.0,-1.1,-4.1,-0.3
147,Allen Crabbe,SG,SG,27.0,MIN,9.0,131.0,1.1,0.416,0.765,0.059,0.8,9.2,4.8,5.1,0.0,0.0,12.5,12.5,0.0,-0.2,0.0,-0.2,-0.068,-6.6,-3.2,-9.9,-0.3
148,Torrey Craig,SF,SF,29.0,DEN,50.0,869.0,10.4,0.559,0.524,0.149,6.1,13.8,10.0,5.2,1.0,3.4,9.0,12.2,0.0,0.8,0.9,1.7,0.095,-2.4,0.1,-2.3,-0.1
149,Jae Crowder,SF,SF,29.0,TOT,58.0,1695.0,12.1,0.532,0.692,0.236,3.1,18.7,11.1,11.7,1.9,1.1,9.9,15.6,0.0,1.2,2.0,3.2,0.09,-0.9,0.3,-0.6,0.6
150,Jae Crowder,SF,SF,29.0,MEM,45.0,1322.0,11.0,0.507,0.667,0.238,3.2,18.4,11.0,12.2,1.7,0.9,10.9,15.6,0.0,0.5,1.4,1.9,0.068,-1.4,0.1,-1.2,0.3
151,Jae Crowder,SF,SF,29.0,MIA,13.0,373.0,16.0,0.618,0.781,0.228,2.5,19.6,11.4,10.3,2.6,1.9,6.0,15.8,0.0,0.7,0.6,1.3,0.168,0.7,1.1,1.8,0.4
152,Jarrett Culver,SG,SG,20.0,MIN,63.0,1506.0,9.6,0.467,0.388,0.206,4.7,10.3,7.4,10.8,1.8,2.1,11.5,19.2,0.0,-1.2,1.1,-0.1,-0.004,-3.2,-0.8,-4.0,-0.8
153,Seth Curry,SG,SG,29.0,DAL,59.0,1448.0,16.2,0.65,0.564,0.165,1.9,8.0,5.0,12.1,1.2,0.5,9.5,18.6,0.0,3.4,0.9,4.3,0.144,2.0,-0.7,1.4,1.2
154,Stephen Curry,PG,PG,31.0,GSW,5.0,139.0,21.7,0.557,0.598,0.317,3.0,17.8,10.1,42.3,1.7,1.3,14.6,33.6,0.0,0.2,0.1,0.3,0.104,4.5,-0.6,3.9,0.2
155,Troy Daniels,SG,SG,28.0,TOT,42.0,457.0,8.9,0.524,0.711,0.101,2.9,7.9,5.5,4.1,0.8,0.6,5.1,16.2,0.0,0.2,0.4,0.7,0.07,-1.2,-1.0,-2.2,0.0
156,Troy Daniels,SG,SG,28.0,LAL,41.0,456.0,9.0,0.527,0.709,0.101,2.9,7.9,5.5,4.1,0.8,0.6,5.2,16.1,0.0,0.3,0.4,0.7,0.072,-1.1,-1.0,-2.1,0.0
157,Troy Daniels,SG,SG,28.0,DEN,1.0,1.0,-40.8,0.0,1.0,0.0,0.0,0.0,0.0,0.0,0.0,0.0,0.0,43.4,0.0,0.0,0.0,0.0,-1.036,-38.4,-22.8,-61.2,0.0
158,Anthony Davis,PF,PF,26.0,LAL,55.0,1889.0,28.2,0.614,0.195,0.46,7.3,22.1,14.9,14.6,2.1,6.2,10.1,29.7,0.0,6.2,4.1,10.3,0.262,5.8,2.8,8.5,5.0
159,Ed Davis,C,C,30.0,UTA,25.0,268.0,7.3,0.425,0.0,0.324,12.4,25.8,19.4,3.8,1.8,2.8,25.1,8.5,0.0,-0.1,0.5,0.4,0.074,-5.5,1.7,-3.9,-0.1
160,Terence Davis,SG,SG,22.0,TOR,64.0,1087.0,14.5,0.598,0.568,0.133,4.6,16.3,10.5,14.6,1.4,1.1,13.6,18.9,0.0,1.4,1.6,3.0,0.133,0.7,0.6,1.3,0.9
162,Dewayne Dedmon,C,C,30.0,TOT,44.0,774.0,9.4,0.473,0.42,0.141,8.5,27.7,17.9,4.1,1.5,4.8,17.4,18.2,0.0,-1.0,1.1,0.1,0.006,-5.8,0.0,-5.8,-0.7
163,Dewayne Dedmon,C,C,30.0,SAC,34.0,541.0,8.5,0.477,0.415,0.164,9.3,25.9,17.4,3.9,1.4,4.6,20.4,18.6,0.0,-0.8,0.7,-0.1,-0.005,-6.3,-0.1,-6.4,-0.6
164,Dewayne Dedmon,C,C,30.0,ATL,10.0,233.0,11.4,0.463,0.429,0.095,6.4,31.8,18.9,4.3,2.0,5.4,10.3,17.4,0.0,-0.2,0.3,0.2,0.032,-4.5,0.1,-4.4,-0.1
165,Matthew Dellavedova,PG,PG,29.0,CLE,57.0,821.0,8.1,0.463,0.52,0.211,2.4,7.8,5.1,29.0,1.2,0.2,23.6,13.0,0.0,0.1,0.1,0.2,0.01,-3.6,-1.6,-5.2,-0.7
166,DeMar DeRozan,SF,SF,30.0,SAS,61.0,2091.0,21.3,0.597,0.031,0.419,2.0,15.7,8.9,26.0,1.4,0.6,11.5,26.6,0.0,5.1,1.1,6.2,0.143,2.1,-0.5,1.6,1.9
167,Cheick Diallo,C,C,23.0,PHO,44.0,467.0,16.3,0.688,0.015,0.27,6.5,24.1,15.1,7.2,1.0,2.3,16.4,16.7,0.0,0.8,0.5,1.3,0.129,-1.1,-0.3,-1.4,0.1
168,Hamidou Diallo,SF,SF,21.0,OKC,38.0,699.0,8.4,0.488,0.16,0.205,4.8,14.3,9.7,4.5,2.0,1.0,13.4,17.4,0.0,-0.6,0.8,0.2,0.014,-5.0,0.3,-4.8,-0.5
169,Gorgui Dieng,C,C,30.0,TOT,58.0,1012.0,17.4,0.564,0.414,0.242,8.8,26.5,17.5,10.3,2.2,4.6,12.7,17.7,0.0,1.1,1.6,2.7,0.128,0.0,1.8,1.8,0.9
170,Gorgui Dieng,C,C,30.0,MIN,46.0,778.0,17.8,0.563,0.433,0.213,9.5,25.8,17.4,11.1,2.2,4.5,12.7,18.4,0.0,1.0,1.1,2.1,0.129,0.3,1.5,1.8,0.7
171,Gorgui Dieng,C,C,30.0,MEM,12.0,234.0,16.2,0.568,0.333,0.364,6.4,29.0,17.9,7.5,2.2,5.2,12.6,15.6,0.0,0.2,0.4,0.6,0.128,-1.2,2.9,1.7,0.2
172,Spencer Dinwiddie,SG,SG,26.0,BRK,64.0,1994.0,17.9,0.541,0.392,0.437,1.7,9.5,5.7,35.6,1.0,0.9,12.5,29.2,0.0,3.4,1.7,5.1,0.123,2.6,-0.8,1.7,1.9
173,Donte DiVincenzo,SG,SG,23.0,MIL,59.0,1362.0,15.0,0.57,0.489,0.173,4.6,15.7,10.5,13.3,2.7,1.2,12.9,16.9,0.0,1.4,3.1,4.5,0.158,-0.6,2.7,2.1,1.4
174,Luka Doncic,PG,PG,20.0,DAL,54.0,1799.0,27.7,0.584,0.442,0.442,4.1,24.7,14.6,45.3,1.6,0.5,14.6,37.0,0.0,5.8,2.3,8.1,0.215,7.3,1.1,8.4,4.7
175,Luguentz Dort,SG,SG,20.0,OKC,29.0,637.0,7.3,0.521,0.465,0.229,2.7,6.6,4.7,4.5,1.8,0.3,8.0,13.0,0.0,0.2,0.5,0.7,0.052,-4.3,0.4,-3.9,-0.3
176,Damyean Dotson,SG,SG,25.0,NYK,48.0,836.0,10.9,0.527,0.562,0.114,1.2,10.6,5.8,10.0,1.3,0.5,6.5,16.5,0.0,0.6,0.3,0.9,0.053,-0.9,-0.5,-1.4,0.1
177,Sekou Doumbouya,SF,SF,19.0,DET,38.0,754.0,6.2,0.474,0.415,0.195,3.0,14.9,8.9,3.6,1.3,0.9,12.0,16.9,0.0,-0.8,0.5,-0.3,-0.02,-5.2,-1.5,-6.7,-0.9
178,PJ Dozier,PG,PG,23.0,DEN,21.0,234.0,9.3,0.449,0.308,0.121,2.4,11.9,7.1,17.5,1.5,2.0,10.3,19.8,0.0,-0.1,0.2,0.1,0.019,-4.4,-0.8,-5.2,-0.2
179,Goran Dragic,PG,PG,33.0,MIA,54.0,1531.0,15.9,0.571,0.472,0.333,2.0,9.9,6.1,28.6,1.0,0.5,14.9,25.7,0.0,2.0,1.1,3.0,0.095,1.4,-1.9,-0.5,0.6
180,Andre Drummond,C,C,26.0,TOT,57.0,1879.0,22.0,0.553,0.045,0.375,14.9,37.5,26.0,13.6,2.8,4.2,18.2,25.9,0.0,0.7,3.6,4.3,0.109,-0.1,1.1,1.0,1.4
181,Andre Drummond,C,C,26.0,DET,49.0,1654.0,22.1,0.55,0.031,0.376,15.3,38.2,26.6,14.0,2.9,4.2,18.0,25.5,0.0,0.7,3.3,4.0,0.116,0.0,1.2,1.1,1.3
182,Andre Drummond,C,C,26.0,CLE,8.0,225.0,21.1,0.573,0.133,0.371,11.7,32.4,22.0,10.8,2.6,4.2,19.2,28.7,0.0,-0.1,0.3,0.3,0.054,-0.8,0.4,-0.5,0.1
183,Jared Dudley,SF,SF,34.0,LAL,40.0,311.0,7.4,0.57,0.68,0.04,1.8,13.0,7.5,7.4,1.8,0.8,10.5,7.7,0.0,0.2,0.4,0.7,0.103,-2.7,2.0,-0.7,0.1
184,Kris Dunn,PG,PG,25.0,CHI,51.0,1269.0,12.1,0.51,0.327,0.158,1.9,14.9,8.1,19.4,3.8,1.3,15.7,14.6,0.0,0.3,2.0,2.3,0.085,-3.7,3.1,-0.6,0.4
185,Carsen Edwards,SG,SG,21.0,BOS,35.0,316.0,6.5,0.446,0.602,0.115,2.1,12.4,7.3,9.5,1.5,0.9,11.2,18.1,0.0,-0.3,0.4,0.1,0.012,-4.6,-0.3,-4.9,-0.2
186,Henry Ellenson,PF,PF,23.0,BRK,5.0,15.0,-1.2,0.143,0.571,0.0,14.1,26.8,20.6,8.8,0.0,0.0,0.0,19.5,0.0,-0.1,0.0,-0.1,-0.18,-7.9,-3.1,-11.0,0.0
187,Wayne Ellington,SG,SG,32.0,NYK,36.0,558.0,8.5,0.509,0.822,0.075,0.7,12.0,6.2,11.0,1.1,0.7,9.1,15.0,0.0,0.2,0.2,0.4,0.035,-1.9,-1.0,-2.8,-0.1
189,Joel Embiid,C,C,25.0,PHI,44.0,1329.0,26.0,0.593,0.23,0.545,10.1,33.1,21.6,17.3,1.4,3.7,13.4,32.6,0.0,3.2,2.4,5.6,0.203,4.1,1.2,5.2,2.4
190,James Ennis,SF,SF,29.0,TOT,61.0,1053.0,11.5,0.557,0.473,0.265,6.3,14.5,10.4,7.2,1.3,1.6,11.6,15.2,0.0,0.9,1.2,2.1,0.096,-2.1,-0.3,-2.5,-0.1
191,James Ennis,SF,SF,29.0,PHI,49.0,776.0,12.3,0.564,0.469,0.27,6.8,14.5,10.7,7.4,1.4,1.5,10.9,15.8,0.0,0.8,0.9,1.8,0.109,-1.6,0.0,-1.6,0.1
192,James Ennis,SF,SF,29.0,ORL,12.0,277.0,9.4,0.537,0.485,0.25,4.9,14.4,9.5,6.6,1.1,2.0,13.7,13.7,0.0,0.1,0.3,0.3,0.06,-3.7,-1.3,-5.0,-0.2
193,Drew Eubanks,PF,PF,22.0,SAS,14.0,130.0,15.3,0.776,0.036,0.393,6.6,22.4,14.5,5.5,0.7,4.1,23.3,14.3,0.0,0.2,0.1,0.3,0.12,-2.6,-1.0,-3.7,-0.1
194,Jacob Evans,SG,SG,22.0,TOT,29.0,418.0,5.5,0.436,0.291,0.216,2.3,8.6,5.3,10.8,1.3,2.6,14.6,17.5,0.0,-0.7,0.2,-0.5,-0.056,-5.7,-1.3,-7.0,-0.5
195,Jacob Evans,SG,SG,22.0,GSW,27.0,414.0,5.7,0.439,0.286,0.218,2.3,8.7,5.4,10.9,1.3,2.6,14.6,17.6,0.0,-0.6,0.2,-0.5,-0.054,-5.7,-1.3,-7.0,-0.5
196,Jacob Evans,SG,SG,22.0,MIN,2.0,4.0,-9.6,0.0,1.0,0.0,0.0,0.0,0.0,0.0,0.0,0.0,0.0,10.3,0.0,0.0,0.0,0.0,-0.264,-10.4,-5.6,-16.0,0.0
197,Dante Exum,SG,SG,24.0,TOT,35.0,485.0,10.4,0.576,0.361,0.361,2.8,12.6,7.7,11.5,1.3,1.4,18.4,15.0,0.0,0.2,0.2,0.4,0.043,-2.5,-0.4,-2.9,-0.1
198,Dante Exum,SG,SG,24.0,UTA,11.0,83.0,4.8,0.503,0.261,0.087,4.2,11.4,7.9,11.8,0.6,2.0,29.5,17.9,0.0,-0.2,0.1,-0.1,-0.054,-5.1,-0.5,-5.6,-0.1
199,Dante Exum,SG,SG,24.0,CLE,24.0,402.0,11.5,0.592,0.385,0.427,2.5,12.8,7.6,11.4,1.5,1.3,15.6,14.4,0.0,0.4,0.2,0.5,0.063,-1.9,-0.4,-2.3,0.0
200,Tacko Fall,C,C,24.0,BOS,6.0,24.0,23.9,0.713,0.0,0.25,0.0,48.7,24.6,0.0,0.0,7.7,18.4,29.0,0.0,0.0,0.1,0.1,0.102,-2.0,3.1,1.0,0.0
201,Derrick Favors,C,C,28.0,NOP,45.0,1089.0,19.0,0.624,0.023,0.203,14.1,29.0,21.5,9.8,1.1,3.4,13.3,14.4,0.0,2.4,1.4,3.8,0.168,0.8,0.4,1.2,0.9
202,Cristiano Felicio,PF,PF,27.0,CHI,22.0,386.0,12.8,0.671,0.037,0.426,15.0,14.1,14.6,5.7,1.2,0.5,21.9,9.1,0.0,0.7,0.3,1.0,0.126,-1.4,-1.6,-3.0,-0.1
203,Terrance Ferguson,SF,SF,21.0,OKC,50.0,1170.0,4.1,0.504,0.779,0.095,2.3,4.6,3.5,5.0,1.1,1.2,12.6,9.0,0.0,-0.1,0.8,0.7,0.027,-4.5,0.3,-4.1,-0.6
204,Bruno Fernando,C,C,21.0,ATL,56.0,713.0,11.9,0.542,0.186,0.256,10.0,20.0,15.0,9.9,1.2,2.0,15.9,15.3,0.0,0.4,0.4,0.8,0.055,-3.2,-1.0,-4.1,-0.4
205,Yogi Ferrell,PG,PG,26.0,SAC,44.0,484.0,10.7,0.499,0.408,0.219,1.4,10.0,5.6,17.6,1.4,0.8,11.9,18.9,0.0,0.1,0.3,0.4,0.036,-2.1,-0.4,-2.5,-0.1
206,Dorian Finney-Smith,PF,PF,26.0,DAL,64.0,1898.0,12.2,0.597,0.58,0.212,7.0,12.3,9.7,6.8,1.1,1.7,11.2,12.7,0.0,2.9,1.6,4.5,0.114,0.0,-0.1,-0.2,0.9
207,Bryn Forbes,SG,SG,26.0,SAS,63.0,1579.0,11.2,0.57,0.656,0.155,0.8,7.8,4.3,9.6,1.0,0.0,8.4,18.6,0.0,1.2,0.2,1.5,0.045,-0.6,-2.1,-2.7,-0.3
208,Evan Fournier,SG,SG,27.0,ORL,61.0,1931.0,16.7,0.599,0.467,0.236,0.9,8.1,4.4,16.5,1.8,0.7,11.1,24.2,0.0,2.7,1.7,4.4,0.11,1.5,-0.3,1.2,1.6
209,De'Aaron Fox,PG,PG,22.0,SAC,45.0,1426.0,20.3,0.556,0.221,0.442,2.3,12.3,7.2,35.4,2.2,1.5,14.6,29.6,0.0,2.1,1.3,3.5,0.117,2.1,-0.3,1.8,1.4
210,Melvin Frazier,SG,SG,23.0,ORL,15.0,51.0,7.5,0.48,0.412,0.235,2.0,6.5,4.2,2.8,3.8,3.5,13.8,18.5,0.0,-0.1,0.1,0.0,0.003,-6.0,1.5,-4.5,0.0
211,Michael Frazier,SG,SG,25.0,HOU,8.0,66.0,2.4,0.513,0.727,0.545,1.6,3.2,2.4,1.9,1.4,0.0,12.8,9.8,0.0,0.0,0.0,0.0,0.016,-7.9,-0.9,-8.8,-0.1
212,Tim Frazier,PG,PG,29.0,DET,27.0,355.0,9.8,0.464,0.319,0.255,2.8,7.8,5.3,36.5,1.9,0.9,25.6,17.3,0.0,-0.1,0.2,0.1,0.016,-2.9,-1.6,-4.5,-0.2
213,Markelle Fultz,PG,PG,21.0,ORL,64.0,1813.0,14.4,0.523,0.175,0.209,2.0,10.9,6.3,28.8,2.2,0.5,15.1,20.7,0.0,0.8,1.9,2.7,0.071,-1.9,0.2,-1.7,0.1
214,Wenyen Gabriel,PF,PF,22.0,TOT,28.0,210.0,9.6,0.547,0.435,0.435,9.1,14.0,11.6,5.0,2.3,2.5,22.6,14.5,0.0,0.0,0.2,0.2,0.043,-3.9,0.0,-3.9,-0.1
215,Wenyen Gabriel,PF,PF,22.0,SAC,11.0,61.0,7.5,0.444,0.471,0.588,7.2,11.4,9.2,6.7,2.4,3.1,18.9,18.9,0.0,-0.1,0.1,0.0,-0.027,-4.4,0.5,-3.9,0.0
216,Wenyen Gabriel,PF,PF,22.0,POR,17.0,149.0,10.5,0.614,0.414,0.345,9.9,15.1,12.5,4.3,2.2,2.3,24.8,12.6,0.0,0.1,0.1,0.2,0.072,-3.7,-0.2,-3.9,-0.1
218,Daniel Gafford,C,C,21.0,CHI,43.0,609.0,16.2,0.686,0.0,0.448,9.0,10.3,9.6,5.2,1.0,8.7,15.3,13.3,0.0,1.1,0.8,1.8,0.146,-2.8,1.5,-1.3,0.1
219,Danilo Gallinari,PF,PF,31.0,OKC,55.0,1690.0,19.4,0.611,0.538,0.352,2.2,17.1,9.9,10.5,1.2,0.2,7.5,24.4,0.0,4.1,1.6,5.7,0.163,4.1,-0.9,3.2,2.2
220,Langston Galloway,SG,SG,28.0,DET,66.0,1702.0,12.3,0.584,0.611,0.157,2.2,7.8,5.0,8.8,1.4,0.5,6.5,15.9,0.0,2.4,0.7,3.1,0.087,0.1,-0.9,-0.8,0.5
221,Darius Garland,PG,PG,20.0,CLE,59.0,1824.0,8.5,0.498,0.423,0.103,1.6,5.2,3.4,18.5,1.1,0.2,17.1,20.7,0.0,-1.3,0.0,-1.3,-0.035,-2.7,-2.9,-5.6,-1.7
222,Marc Gasol,C,C,35.0,TOR,36.0,990.0,11.9,0.546,0.538,0.153,3.2,20.8,12.2,16.9,1.3,3.2,14.6,12.7,0.0,0.9,1.8,2.7,0.128,-0.9,2.7,1.8,0.9
223,Rudy Gay,PF,PF,33.0,SAS,60.0,1287.0,14.4,0.545,0.369,0.225,4.7,22.3,13.5,11.3,1.0,1.9,12.4,21.3,0.0,0.6,0.9,1.5,0.054,-0.5,-1.0,-1.5,0.2
224,Paul George,SF,SF,29.0,LAC,42.0,1222.0,20.5,0.582,0.494,0.277,1.9,18.1,10.2,21.2,2.2,1.4,13.0,29.6,0.0,1.9,2.0,3.9,0.153,3.4,1.1,4.5,2.0
225,Taj Gibson,C,C,34.0,NYK,62.0,1025.0,16.1,0.61,0.049,0.196,11.2,16.7,13.9,7.6,1.3,2.8,13.1,14.8,0.0,1.8,0.8,2.6,0.12,-0.7,-0.4,-1.1,0.2
226,Harry Giles,PF,PF,21.0,SAC,38.0,579.0,16.3,0.586,0.0,0.208,6.3,25.2,15.5,13.4,1.8,2.3,13.4,19.6,0.0,0.7,0.7,1.4,0.12,-2.2,1.1,-1.1,0.1
227,Shai Gilgeous-Alexander,SG,SG,21.0,OKC,63.0,2214.0,17.8,0.566,0.237,0.339,2.3,16.4,9.6,14.8,1.5,1.7,9.8,23.7,0.0,2.9,2.6,5.5,0.12,1.4,0.2,1.6,2.0
228,Rudy Gobert,C,C,27.0,UTA,62.0,2142.0,21.7,0.7,0.0,0.725,11.3,31.3,21.8,6.5,1.1,4.8,15.2,16.1,0.0,6.0,4.0,10.0,0.225,1.8,1.9,3.7,3.1
229,Brandon Goodwin,PG,PG,24.0,ATL,34.0,430.0,11.7,0.507,0.458,0.158,2.7,15.5,9.0,18.0,1.3,0.8,12.5,22.4,0.0,-0.1,0.2,0.1,0.013,-1.5,-1.3,-2.9,-0.1
230,Aaron Gordon,PF,PF,24.0,ORL,58.0,1914.0,14.8,0.511,0.311,0.28,5.6,19.6,12.4,17.2,1.3,1.7,10.3,20.6,0.0,1.2,2.2,3.3,0.084,-0.3,0.1,-0.3,0.8
231,Eric Gordon,SG,SG,31.0,HOU,34.0,972.0,10.5,0.511,0.658,0.235,0.9,6.2,3.5,7.8,1.1,1.1,6.9,22.1,0.0,0.2,0.5,0.7,0.037,-1.6,-2.0,-3.6,-0.4
232,Devonte' Graham,PG,PG,24.0,CHO,63.0,2211.0,15.8,0.537,0.607,0.242,2.0,8.7,5.2,35.3,1.4,0.6,14.5,24.8,0.0,2.5,0.9,3.4,0.073,2.6,-2.1,0.5,1.4
233,Treveon Graham,SG,SG,26.0,TOT,55.0,929.0,6.6,0.456,0.496,0.231,5.7,11.7,8.6,6.6,1.2,0.5,9.8,13.1,0.0,-0.2,0.4,0.2,0.009,-4.5,-1.1,-5.5,-0.8
234,Treveon Graham,SG,SG,26.0,MIN,33.0,663.0,6.0,0.447,0.474,0.211,4.5,11.7,8.0,6.1,1.2,0.3,9.0,13.1,0.0,-0.2,0.3,0.0,0.003,-5.0,-0.8,-5.8,-0.6
235,Treveon Graham,SG,SG,26.0,ATL,22.0,266.0,8.0,0.478,0.552,0.284,8.8,11.5,10.1,7.6,1.2,1.3,11.7,13.3,0.0,0.0,0.1,0.1,0.022,-3.2,-1.7,-4.9,-0.2
236,Jerami Grant,PF,PF,25.0,DEN,64.0,1676.0,14.2,0.585,0.394,0.308,3.5,11.6,7.5,6.7,1.3,2.9,8.0,17.8,0.0,2.4,1.7,4.0,0.116,-0.1,-0.4,-0.4,0.7
237,Josh Gray,PG,PG,26.0,NOP,2.0,23.0,-5.0,0.5,0.0,0.0,4.6,4.6,4.6,10.4,0.0,0.0,71.4,12.4,0.0,-0.1,0.0,-0.1,-0.224,-11.3,-4.7,-16.0,-0.1
238,Danny Green,SG,SG,32.0,LAL,61.0,1529.0,11.1,0.564,0.704,0.104,3.2,11.3,7.3,7.3,2.4,1.7,10.8,13.8,0.0,1.1,2.4,3.4,0.108,-0.8,1.7,0.9,1.1
239,Draymond Green,PF,PF,29.0,GSW,43.0,1222.0,12.6,0.489,0.408,0.263,2.0,22.3,11.8,31.2,2.3,2.4,21.8,15.7,0.0,-0.2,1.3,1.1,0.044,-2.0,1.9,-0.2,0.6
241,JaMychal Green,PF,PF,29.0,LAC,55.0,1130.0,10.8,0.554,0.675,0.146,7.0,24.3,15.9,5.1,1.0,1.6,12.3,13.5,0.0,0.8,1.8,2.6,0.111,-1.4,0.6,-0.8,0.3
242,Javonte Green,SF,SF,26.0,BOS,44.0,414.0,12.3,0.558,0.235,0.367,4.7,15.9,10.4,7.6,2.7,1.6,13.7,13.6,0.0,0.3,0.7,1.0,0.112,-2.4,1.8,-0.6,0.1
243,Jeff Green,PF,PF,33.0,TOT,40.0,754.0,12.8,0.575,0.529,0.28,3.4,12.5,8.1,6.2,1.3,1.7,10.9,18.9,0.0,0.6,0.8,1.4,0.089,-0.4,0.0,-0.5,0.3
244,Jeff Green,PF,PF,33.0,UTA,30.0,553.0,10.1,0.523,0.533,0.323,2.9,12.7,8.0,5.2,1.1,1.5,10.8,19.8,0.0,0.0,0.6,0.6,0.048,-1.8,-0.2,-2.0,0.0
245,Jeff Green,PF,PF,33.0,HOU,10.0,201.0,20.0,0.739,0.515,0.152,4.7,12.1,8.3,9.2,2.1,2.1,11.3,16.3,0.0,0.6,0.2,0.8,0.201,3.5,0.4,3.9,0.3
246,Blake Griffin,PF,PF,30.0,DET,18.0,512.0,11.9,0.476,0.444,0.392,3.7,15.0,9.3,18.0,0.7,1.1,12.0,28.4,0.0,-0.4,0.2,-0.1,-0.012,-1.7,-2.6,-4.2,-0.3
247,Marko Guduric,SG,SG,24.0,MEM,42.0,476.0,8.8,0.515,0.526,0.162,3.1,12.3,7.8,12.4,1.2,1.5,17.9,17.6,0.0,-0.2,0.4,0.1,0.012,-2.6,-0.8,-3.4,-0.2
248,Kyle Guy,SG,SG,22.0,SAC,2.0,4.0,9.8,0.5,0.5,0.0,0.0,0.0,0.0,0.0,0.0,0.0,0.0,21.8,0.0,0.0,0.0,0.0,-0.022,-1.3,-2.8,-4.1,0.0
249,Rui Hachimura,PF,PF,21.0,WAS,41.0,1217.0,13.9,0.543,0.16,0.243,5.5,17.4,11.2,8.3,1.3,0.5,7.5,18.7,0.0,1.3,0.4,1.7,0.066,-1.1,-1.9,-3.0,-0.3
250,Devon Hall,SG,SG,24.0,OKC,5.0,20.0,3.6,0.37,0.4,0.8,0.0,5.4,2.8,19.1,0.0,0.0,12.9,17.1,0.0,0.0,0.0,0.0,-0.064,-6.2,-3.6,-9.7,0.0
251,Donta Hall,PF,PF,22.0,DET,4.0,48.0,7.3,0.452,0.0,1.5,14.0,21.6,17.7,5.3,1.0,1.7,23.1,7.9,0.0,0.0,0.0,0.1,0.067,-5.6,-1.4,-7.1,-0.1
252,Dusty Hannahs,SG,SG,26.0,MEM,2.0,13.0,21.3,0.607,0.333,0.222,0.0,7.9,4.0,0.0,0.0,0.0,0.0,31.6,0.0,0.0,0.0,0.0,0.146,5.2,-2.1,3.1,0.0
253,Tim Hardaway Jr.,SG,SG,27.0,DAL,63.0,1815.0,15.0,0.581,0.574,0.191,1.4,9.9,5.7,10.2,1.0,0.2,6.6,21.7,0.0,3.1,1.1,4.2,0.111,1.5,-1.2,0.4,1.1
254,James Harden,SG,SG,30.0,HOU,61.0,2241.0,28.4,0.616,0.555,0.519,3.0,15.3,9.1,34.4,2.2,2.0,13.8,36.4,0.0,8.7,2.7,11.5,0.245,7.9,1.2,9.0,6.3
255,Maurice Harkless,SF,SF,26.0,TOT,62.0,1427.0,9.7,0.572,0.346,0.233,4.1,13.3,8.7,6.3,1.9,2.0,14.5,10.7,0.0,0.8,1.9,2.7,0.09,-2.6,1.9,-0.8,0.5
256,Maurice Harkless,SF,SF,26.0,LAC,50.0,1141.0,9.6,0.584,0.336,0.194,4.4,13.5,9.0,5.5,2.0,2.3,16.3,10.3,0.0,0.5,1.7,2.3,0.096,-2.5,2.4,-0.1,0.6
257,Maurice Harkless,SF,SF,26.0,NYK,12.0,286.0,10.1,0.536,0.379,0.364,2.9,12.3,7.5,9.7,1.5,1.0,8.4,12.4,0.0,0.3,0.2,0.4,0.069,-3.1,-0.3,-3.5,-0.1
258,Jared Harper,PG,PG,22.0,PHO,3.0,8.0,-5.3,0.25,0.5,0.0,0.0,0.0,0.0,0.0,0.0,0.0,0.0,21.3,0.0,0.0,0.0,0.0,-0.253,-10.2,-5.7,-15.8,0.0
259,Montrezl Harrell,C,C,26.0,LAC,63.0,1749.0,23.1,0.607,0.022,0.432,9.9,16.2,13.1,10.3,1.1,3.6,10.1,25.5,0.0,4.5,2.5,7.0,0.193,2.4,0.5,2.9,2.2
260,Gary Harris,SG,SG,25.0,DEN,56.0,1780.0,9.7,0.519,0.405,0.177,1.6,8.6,5.1,8.9,2.1,0.7,9.7,15.1,0.0,0.5,1.7,2.2,0.059,-2.8,0.4,-2.4,-0.2
261,Joe Harris,SF,SF,28.0,BRK,63.0,1946.0,12.7,0.592,0.523,0.118,3.3,10.9,7.2,10.3,0.9,0.7,11.1,17.9,0.0,2.1,1.7,3.8,0.094,0.0,-0.5,-0.5,0.8
262,Tobias Harris,PF,PF,27.0,PHI,65.0,2243.0,16.8,0.557,0.309,0.183,2.7,19.0,10.8,14.6,1.1,1.3,7.9,23.6,0.0,3.0,2.6,5.6,0.12,1.0,-0.4,0.6,1.5
263,Shaquille Harrison,SF,SF,26.0,CHI,43.0,484.0,17.8,0.559,0.255,0.303,4.8,15.3,9.8,15.3,3.4,3.7,9.2,18.1,0.0,0.8,0.8,1.5,0.153,0.4,2.4,2.8,0.6
264,Josh Hart,SF,SF,24.0,NOP,57.0,1563.0,11.7,0.556,0.676,0.189,3.6,21.4,12.5,8.0,1.7,1.1,11.1,15.3,0.0,1.0,1.7,2.7,0.083,-1.2,0.6,-0.6,0.6
266,Isaiah Hartenstein,C,C,21.0,HOU,23.0,266.0,18.7,0.674,0.075,0.418,11.4,24.2,17.7,9.8,1.6,3.9,16.8,14.8,0.0,0.7,0.4,1.1,0.191,-0.9,1.3,0.4,0.2
267,Udonis Haslem,PF,PF,39.0,MIA,3.0,21.0,3.0,0.322,0.333,0.667,0.0,41.0,21.4,6.2,0.0,0.0,0.0,16.3,0.0,0.0,0.0,0.0,-0.032,-9.7,-3.0,-12.7,-0.1
268,Jaxson Hayes,C,C,19.0,NOP,56.0,951.0,17.8,0.675,0.017,0.736,9.0,15.7,12.3,7.5,1.1,4.6,11.6,15.1,0.0,2.5,1.0,3.5,0.176,-0.8,0.8,0.1,0.5
269,Gordon Hayward,SF,SF,29.0,BOS,45.0,1501.0,18.2,0.593,0.311,0.183,3.2,17.6,10.5,19.0,1.1,1.2,10.8,20.9,0.0,3.1,1.9,5.0,0.16,2.6,0.3,2.9,1.8
270,John Henson,PF,PF,29.0,TOT,40.0,600.0,17.0,0.578,0.211,0.269,8.5,21.8,15.1,13.4,2.0,6.0,15.8,16.3,0.0,0.6,0.8,1.4,0.109,-1.1,2.1,1.0,0.5
271,John Henson,PF,PF,29.0,CLE,29.0,412.0,16.9,0.539,0.258,0.275,8.5,22.3,15.4,15.2,1.9,6.7,13.5,16.1,0.0,0.4,0.5,0.9,0.109,-1.1,2.3,1.1,0.3
272,John Henson,PF,PF,29.0,DET,11.0,188.0,17.1,0.67,0.098,0.255,8.3,20.8,14.5,9.3,2.1,4.5,20.9,16.7,0.0,0.2,0.2,0.4,0.11,-1.1,1.7,0.6,0.1
273,Dewan Hernandez,C,C,23.0,TOR,4.0,11.0,4.2,0.34,0.2,0.4,19.6,47.0,33.6,0.0,4.3,0.0,14.5,26.8,0.0,0.0,0.0,0.0,0.003,-18.3,-3.0,-21.3,-0.1
274,Juan Hernangomez,PF,PF,24.0,TOT,48.0,833.0,10.4,0.518,0.522,0.287,5.5,20.4,12.8,6.6,1.1,1.0,10.3,15.7,0.0,0.2,0.7,1.0,0.055,-2.2,-1.1,-3.3,-0.3
275,Juan Hernangomez,PF,PF,24.0,DEN,34.0,422.0,6.9,0.442,0.545,0.227,6.3,18.7,12.5,6.7,0.6,1.1,12.9,14.3,0.0,-0.2,0.4,0.1,0.014,-4.0,-1.1,-5.2,-0.3
276,Juan Hernangomez,PF,PF,24.0,MIN,14.0,411.0,14.1,0.576,0.504,0.336,4.7,22.1,13.1,6.4,1.6,0.8,8.2,17.1,0.0,0.5,0.4,0.8,0.098,-0.4,-1.0,-1.4,0.1
277,Willy Hernangomez,C,C,25.0,CHO,31.0,375.0,19.2,0.576,0.158,0.424,12.1,27.5,19.5,13.5,1.3,1.7,15.4,22.9,0.0,0.4,0.4,0.8,0.107,0.6,-0.5,0.1,0.2
278,Tyler Herro,SG,SG,20.0,MIA,47.0,1280.0,11.4,0.534,0.476,0.148,1.3,14.6,8.2,11.1,1.1,0.5,11.3,22.0,0.0,-0.3,1.1,0.9,0.033,-1.0,-1.3,-2.3,-0.1
279,Kevin Hervey,PF,PF,23.0,OKC,7.0,19.0,-14.9,0.091,0.727,0.0,0.0,11.3,5.8,6.7,0.0,0.0,0.0,25.5,0.0,-0.2,0.0,-0.2,-0.471,-13.4,-6.5,-19.9,-0.1
280,Mario Hezonja,PF,PF,24.0,POR,47.0,767.0,9.5,0.532,0.339,0.27,3.6,18.1,10.9,7.2,1.7,1.0,14.9,13.7,0.0,0.1,0.6,0.7,0.046,-3.1,0.2,-2.9,-0.2
281,Buddy Hield,SG,SG,27.0,SAC,64.0,2045.0,16.3,0.566,0.582,0.123,3.1,14.1,8.4,15.8,1.4,0.8,11.8,27.1,0.0,1.6,1.5,3.1,0.074,2.6,-1.3,1.4,1.7
282,George Hill,PG,PG,33.0,MIL,52.0,1103.0,17.5,0.668,0.452,0.247,4.3,9.2,6.9,18.4,1.7,0.3,11.6,15.8,0.0,3.2,1.9,5.1,0.22,1.8,1.4,3.2,1.5
283,Solomon Hill,SF,SF,28.0,TOT,54.0,992.0,9.8,0.542,0.629,0.169,2.9,13.2,8.2,12.6,1.7,1.1,15.0,13.2,0.0,0.4,0.9,1.3,0.064,-1.9,0.2,-1.6,0.1
284,Solomon Hill,SF,SF,28.0,MEM,48.0,901.0,10.2,0.549,0.631,0.163,2.8,13.7,8.4,13.3,1.6,0.7,13.8,13.4,0.0,0.5,0.8,1.3,0.071,-1.6,0.2,-1.4,0.1
285,Solomon Hill,SF,SF,28.0,MIA,6.0,91.0,5.9,0.447,0.6,0.267,3.9,8.3,6.2,5.7,2.7,5.5,29.5,11.5,0.0,-0.1,0.1,0.0,-0.006,-4.5,0.8,-3.7,0.0
286,Jaylen Hoard,SF,SF,20.0,POR,13.0,103.0,14.9,0.504,0.094,0.406,14.3,17.8,16.1,5.4,2.3,0.0,9.6,17.2,0.0,0.1,0.1,0.2,0.096,-0.9,-1.1,-1.9,0.0
287,Aaron Holiday,PG,PG,23.0,IND,58.0,1368.0,11.7,0.517,0.409,0.145,1.7,8.9,5.3,19.5,1.6,0.8,12.4,19.4,0.0,0.4,1.4,1.7,0.06,-1.4,-0.3,-1.7,0.1
288,Jrue Holiday,SG,SG,29.0,NOP,55.0,1922.0,17.5,0.535,0.346,0.183,3.8,10.9,7.3,29.8,2.2,1.9,13.6,24.7,0.0,2.1,1.8,4.0,0.099,1.9,0.3,2.3,2.1
289,Justin Holiday,SG,SG,30.0,IND,65.0,1617.0,12.7,0.598,0.667,0.137,2.1,11.9,7.0,7.1,2.3,2.3,8.0,13.5,0.0,1.7,2.2,4.0,0.117,0.0,1.7,1.6,1.5
290,Rondae Hollis-Jefferson,SF,SF,25.0,TOR,52.0,998.0,15.5,0.533,0.058,0.437,11.0,15.8,13.4,12.9,2.1,2.1,12.2,17.2,0.0,1.4,1.8,3.2,0.153,-1.1,1.5,0.5,0.6
291,Richaun Holmes,C,C,26.0,SAC,39.0,1125.0,20.5,0.685,0.0,0.312,11.5,21.3,16.3,5.4,1.7,4.7,11.8,16.0,0.0,3.2,1.5,4.6,0.198,0.6,0.9,1.5,1.0
293,Rodney Hood,SF,SF,27.0,POR,21.0,619.0,12.2,0.625,0.413,0.157,1.7,10.2,6.0,7.1,1.3,0.5,9.4,13.9,0.0,0.9,0.2,1.1,0.087,-0.4,-0.5,-0.9,0.2
294,Al Horford,C,C,33.0,PHI,60.0,1848.0,15.6,0.526,0.404,0.112,5.5,19.1,12.3,19.2,1.4,2.5,8.7,17.6,0.0,2.5,2.5,5.0,0.13,1.1,1.1,2.2,2.0
295,Talen Horton-Tucker,SG,SG,19.0,LAL,2.0,5.0,14.8,0.0,1.0,0.0,0.0,0.0,0.0,44.9,9.5,0.0,0.0,8.4,0.0,0.0,0.0,0.0,0.11,0.6,7.2,7.8,0.0
296,Danuel House,SF,SF,26.0,HOU,58.0,1739.0,11.4,0.571,0.645,0.176,3.4,11.5,7.4,6.1,1.7,1.6,8.6,13.5,0.0,1.9,1.6,3.5,0.096,-0.6,0.1,-0.5,0.7
297,Dwight Howard,C,C,34.0,LAL,62.0,1193.0,18.7,0.696,0.019,0.7,14.6,26.8,20.9,4.8,1.1,5.6,17.8,14.5,0.0,2.6,2.4,5.0,0.202,-0.8,1.4,0.5,0.8
298,William Howard,SG,SG,26.0,HOU,2.0,13.0,-12.7,0.0,1.0,0.0,0.0,16.2,8.1,9.0,0.0,0.0,20.0,15.9,0.0,-0.1,0.0,-0.1,-0.354,-14.9,-5.7,-20.7,-0.1
299,Kevin Huerter,SG,SG,21.0,ATL,56.0,1760.0,11.5,0.536,0.548,0.105,2.1,12.0,7.0,17.5,1.4,1.3,12.0,17.1,0.0,1.0,0.6,1.6,0.042,-0.6,-0.9,-1.6,0.2
300,De'Andre Hunter,SF,SF,22.0,ATL,63.0,2018.0,8.6,0.521,0.445,0.211,2.3,13.1,7.6,8.0,1.0,0.7,12.1,17.5,0.0,-0.4,0.5,0.1,0.001,-2.8,-1.8,-4.7,-1.4
301,Chandler Hutchison,SF,SF,23.0,CHI,28.0,527.0,12.4,0.521,0.217,0.446,3.6,19.8,11.3,7.4,2.5,1.3,11.4,19.1,0.0,0.0,0.7,0.7,0.06,-2.7,0.1,-2.6,-0.1
302,Serge Ibaka,C,C,30.0,TOR,50.0,1377.0,18.0,0.593,0.266,0.191,8.2,23.3,15.9,8.8,0.8,2.9,12.9,24.1,0.0,1.5,2.4,3.9,0.136,0.5,-0.1,0.4,0.9
303,Andre Iguodala,SG,SG,36.0,MIA,14.0,259.0,11.0,0.559,0.471,0.157,4.5,17.9,11.5,15.1,1.5,6.1,23.8,12.2,0.0,0.0,0.4,0.4,0.078,-2.5,1.9,-0.7,0.1
304,Ersan Ilyasova,PF,PF,32.0,MIL,56.0,895.0,15.2,0.591,0.428,0.259,7.1,22.5,15.2,7.0,1.2,1.4,9.3,16.4,0.0,1.5,1.9,3.4,0.18,-0.2,0.8,0.6,0.6
305,Joe Ingles,SF,SF,32.0,UTA,64.0,1916.0,12.5,0.588,0.628,0.17,1.4,12.7,7.3,24.0,1.5,0.4,18.9,15.0,0.0,2.4,2.0,4.3,0.108,0.0,0.7,0.7,1.3
306,Brandon Ingram,PF,PF,22.0,NOP,56.0,1919.0,19.2,0.59,0.352,0.328,2.7,16.6,9.6,19.8,1.3,1.6,13.1,28.2,0.0,3.2,1.7,4.9,0.122,2.7,-0.3,2.4,2.1
307,Kyrie Irving,PG,PG,27.0,BRK,20.0,658.0,26.3,0.595,0.341,0.245,3.5,12.4,8.1,37.4,1.9,1.3,10.1,32.6,0.0,2.1,0.8,3.0,0.216,6.6,1.0,7.6,1.6
308,Jonathan Isaac,SF,SF,22.0,ORL,32.0,949.0,16.9,0.542,0.283,0.227,6.2,19.3,12.6,7.0,2.6,7.4,11.7,18.3,0.0,0.4,1.9,2.3,0.114,-0.8,2.9,2.0,1.0
309,Wesley Iwundu,SF,SF,25.0,ORL,45.0,810.0,9.9,0.521,0.345,0.392,2.9,12.4,7.5,7.9,1.5,1.2,7.3,13.1,0.0,0.6,0.8,1.4,0.08,-3.1,0.2,-2.9,-0.2
310,Frank Jackson,PG,PG,21.0,NOP,51.0,656.0,7.7,0.5,0.467,0.249,3.0,8.4,5.7,8.6,1.1,0.5,13.1,20.4,0.0,-0.4,0.3,-0.1,-0.005,-4.0,-2.0,-6.0,-0.7
311,Jaren Jackson Jr.,C,C,20.0,MEM,54.0,1512.0,16.1,0.59,0.485,0.237,3.8,13.7,8.8,7.5,1.1,5.0,10.8,23.9,0.0,1.5,1.7,3.1,0.1,0.2,0.0,0.2,0.8
312,Josh Jackson,SG,SG,22.0,MEM,18.0,357.0,14.0,0.539,0.465,0.284,3.3,13.5,8.5,12.4,2.4,2.2,12.5,23.2,0.0,0.0,0.4,0.5,0.062,-1.1,1.2,0.0,0.2
314,Justin Jackson,PF,PF,24.0,DAL,58.0,929.0,10.0,0.498,0.486,0.141,3.1,12.7,8.0,7.2,0.6,0.9,3.5,15.8,0.0,0.7,0.6,1.3,0.066,-1.7,-1.2,-2.9,-0.2
315,Reggie Jackson,PG,PG,29.0,TOT,23.0,556.0,15.0,0.533,0.44,0.167,3.0,10.2,6.6,28.7,0.9,0.8,12.7,24.5,0.0,0.6,0.3,0.9,0.077,1.8,-1.3,0.5,0.4
316,Reggie Jackson,PG,PG,29.0,DET,14.0,381.0,14.8,0.492,0.414,0.167,3.2,9.1,6.1,30.8,1.0,0.2,9.8,27.0,0.0,0.3,0.1,0.4,0.047,1.7,-2.2,-0.5,0.1
317,Reggie Jackson,PG,PG,29.0,LAC,9.0,175.0,15.6,0.67,0.525,0.169,2.4,12.7,7.7,24.2,0.5,2.0,21.1,19.1,0.0,0.3,0.2,0.5,0.142,2.1,0.6,2.8,0.2
318,Justin James,SG,SG,23.0,SAC,34.0,218.0,11.5,0.487,0.333,0.269,3.0,12.7,7.8,10.8,1.3,3.9,8.4,19.0,0.0,0.0,0.2,0.2,0.037,-1.0,0.2,-0.7,0.1
319,LeBron James,PG,PG,35.0,LAL,60.0,2094.0,26.0,0.582,0.324,0.292,3.1,21.0,12.3,49.7,1.7,1.3,15.3,31.6,0.0,6.1,3.4,9.5,0.218,6.8,1.9,8.7,5.7
320,Amile Jefferson,PF,PF,26.0,ORL,18.0,74.0,8.9,0.372,0.0,1.0,14.0,19.5,16.7,7.2,0.7,3.7,13.0,13.5,0.0,0.0,0.1,0.0,0.023,-4.9,-1.0,-5.9,-0.1
321,DaQuan Jeffries,SG,SG,22.0,SAC,6.0,19.0,10.7,0.5,0.571,0.0,5.8,0.0,3.0,7.8,2.6,0.0,0.0,16.1,0.0,0.0,0.0,0.0,0.081,-2.3,-0.3,-2.6,0.0
322,Ty Jerome,PG,PG,22.0,PHO,28.0,315.0,8.1,0.437,0.443,0.132,2.1,12.6,7.2,18.8,2.1,0.8,13.8,17.6,0.0,-0.3,0.3,0.0,-0.002,-3.9,0.0,-3.8,-0.1
323,Alize Johnson,SF,SF,23.0,IND,13.0,54.0,10.8,0.51,0.0,0.4,14.4,22.3,18.4,5.0,0.0,0.0,14.5,16.8,0.0,0.0,0.1,0.1,0.07,-3.2,-1.6,-4.8,0.0
324,B.J. Johnson,SF,SF,24.0,ORL,8.0,46.0,2.5,0.344,0.333,0.111,2.3,12.1,7.0,6.1,2.1,0.0,13.7,20.6,0.0,-0.2,0.0,-0.1,-0.132,-7.2,-2.5,-9.7,-0.1
325,Cameron Johnson,PF,PF,23.0,PHO,49.0,996.0,12.2,0.576,0.705,0.142,4.3,11.5,7.8,7.4,1.4,1.4,7.7,16.0,0.0,1.1,0.7,1.8,0.086,0.5,-0.7,-0.2,0.5
326,James Johnson,PF,PF,32.0,TOT,32.0,619.0,14.8,0.572,0.423,0.223,4.3,16.3,10.3,18.4,1.9,4.6,16.9,19.4,0.0,0.4,0.8,1.2,0.089,-1.1,1.1,0.0,0.3
327,James Johnson,PF,PF,32.0,MIA,18.0,281.0,11.1,0.547,0.517,0.161,3.3,16.9,10.4,11.1,1.0,4.6,13.9,17.0,0.0,0.0,0.4,0.4,0.066,-2.6,0.7,-1.9,0.0
328,James Johnson,PF,PF,32.0,MIN,14.0,338.0,17.9,0.588,0.359,0.266,5.1,15.9,10.3,24.4,2.6,4.7,18.8,21.4,0.0,0.3,0.4,0.8,0.109,0.2,1.5,1.7,0.3
329,Keldon Johnson,SF,SF,20.0,SAS,9.0,92.0,16.6,0.579,0.161,0.323,5.8,14.1,10.0,9.4,2.6,1.0,7.8,18.1,0.0,0.2,0.1,0.2,0.119,-0.3,-0.6,-0.9,0.0
330,Stanley Johnson,PF,PF,23.0,TOR,20.0,96.0,3.1,0.342,0.419,0.194,3.4,20.5,12.1,11.0,2.0,2.0,19.2,18.6,0.0,-0.3,0.2,-0.1,-0.068,-7.9,1.4,-6.5,-0.1
331,Tyler Johnson,SG,SG,27.0,PHO,31.0,515.0,8.1,0.481,0.485,0.187,2.1,9.3,5.6,13.5,1.1,1.4,11.5,17.3,0.0,-0.2,0.3,0.1,0.011,-3.0,-0.7,-3.7,-0.2
332,Nikola Jokic,C,C,24.0,DEN,65.0,2101.0,25.0,0.604,0.233,0.277,8.2,26.9,17.6,34.3,1.8,1.9,15.7,26.6,0.0,6.0,3.2,9.2,0.209,5.4,2.3,7.6,5.1
333,Damian Jones,C,C,24.0,ATL,55.0,887.0,15.5,0.712,0.051,0.472,8.9,16.2,12.5,5.6,1.4,3.8,11.5,11.4,0.0,2.2,0.6,2.8,0.152,-1.6,0.1,-1.4,0.1
334,Derrick Jones Jr.,SF,SF,22.0,MIA,51.0,1249.0,14.8,0.609,0.39,0.35,5.4,13.5,9.6,6.7,2.1,2.9,6.8,14.1,0.0,2.3,1.6,3.9,0.15,-0.4,1.1,0.8,0.9
335,Tyus Jones,PG,PG,23.0,MEM,65.0,1232.0,15.7,0.532,0.289,0.135,0.8,7.9,4.4,31.7,2.2,0.4,10.8,17.2,0.0,2.0,1.0,3.0,0.115,0.4,0.1,0.6,0.8
336,DeAndre Jordan,C,C,31.0,BRK,56.0,1234.0,20.0,0.682,0.0,0.425,12.1,34.2,23.4,12.8,0.7,3.5,17.8,14.1,0.0,3.0,2.3,5.3,0.204,1.1,1.8,2.8,1.5
337,Cory Joseph,PG,PG,28.0,SAC,64.0,1538.0,10.3,0.513,0.363,0.157,2.6,9.5,6.0,19.4,1.5,1.3,14.0,13.0,0.0,1.1,1.0,2.2,0.067,-2.1,0.3,-1.8,0.1
339,Mfiondu Kabengele,C,C,22.0,LAC,12.0,64.0,18.2,0.614,0.625,0.156,1.7,15.7,8.9,4.9,1.5,2.7,5.5,23.5,0.0,0.1,0.1,0.2,0.175,2.2,-0.1,2.1,0.1
340,Frank Kaminsky,C,C,26.0,PHO,32.0,718.0,14.5,0.554,0.401,0.315,4.6,20.2,12.2,14.8,0.9,1.2,9.4,20.8,0.0,0.8,0.6,1.4,0.092,0.2,-0.3,-0.1,0.3
341,Enes Kanter,C,C,27.0,BOS,51.0,891.0,22.0,0.594,0.023,0.286,17.1,30.2,23.7,8.4,1.1,3.9,12.9,19.3,0.0,2.1,1.7,3.8,0.207,1.6,-0.1,1.5,0.8
342,Luke Kennard,SG,SG,23.0,DET,28.0,922.0,14.4,0.589,0.535,0.219,1.1,11.1,6.0,19.2,0.6,0.5,10.3,19.8,0.0,1.6,0.3,1.9,0.1,1.1,-1.4,-0.3,0.4
343,Stanton Kidd,SF,SF,27.0,UTA,4.0,15.0,-13.7,0.0,0.333,0.0,0.0,21.0,11.0,8.0,0.0,0.0,40.0,14.6,0.0,-0.1,0.0,-0.1,-0.327,-15.6,-1.3,-16.9,-0.1
344,Michael Kidd-Gilchrist,PF-SF,PF,26.0,TOT,21.0,231.0,4.2,0.401,0.333,0.183,5.5,20.3,12.8,8.1,0.4,1.9,16.7,14.8,0.0,-0.3,0.2,-0.2,-0.037,-6.6,-0.9,-7.5,-0.3
345,Michael Kidd-Gilchrist,PF,PF,26.0,CHO,12.0,160.0,6.1,0.421,0.321,0.17,5.9,18.4,11.9,9.5,0.0,1.7,10.9,17.6,0.0,-0.2,0.1,-0.1,-0.029,-5.3,-1.6,-6.9,-0.2
346,Michael Kidd-Gilchrist,SF,SF,26.0,DAL,9.0,71.0,-0.1,0.254,0.429,0.286,4.5,24.6,14.7,5.0,1.4,2.4,43.2,8.4,0.0,-0.2,0.1,-0.1,-0.055,-9.7,0.8,-8.9,-0.1
347,Louis King,SF,SF,20.0,DET,10.0,62.0,6.3,0.448,0.524,0.143,1.8,16.7,9.2,11.8,1.6,0.0,8.2,17.1,0.0,-0.1,0.0,0.0,-0.007,-5.1,-1.1,-6.2,-0.1
348,Maxi Kleber,C,C,28.0,DAL,66.0,1695.0,13.8,0.603,0.614,0.172,6.2,15.5,11.0,6.2,0.6,3.9,8.7,13.9,0.0,2.9,1.7,4.6,0.131,0.5,0.2,0.6,1.1
349,Brandon Knight,PG,PG,28.0,TOT,25.0,462.0,8.5,0.503,0.784,0.204,1.0,9.1,5.0,21.6,1.1,0.6,17.3,20.6,0.0,-0.2,0.1,-0.1,-0.01,-1.8,-2.7,-4.4,-0.3
350,Brandon Knight,PG,PG,28.0,CLE,16.0,241.0,5.5,0.431,0.744,0.151,1.4,7.9,4.6,18.0,1.0,0.7,14.9,19.1,0.0,-0.3,0.0,-0.3,-0.062,-3.9,-2.8,-6.6,-0.3
351,Brandon Knight,PG,PG,28.0,DET,9.0,221.0,11.9,0.576,0.827,0.259,0.5,10.4,5.4,25.6,1.1,0.4,19.6,22.2,0.0,0.1,0.1,0.2,0.046,0.5,-2.5,-2.0,0.0
352,Kevin Knox,SF,SF,20.0,NYK,65.0,1166.0,8.4,0.47,0.496,0.252,2.5,14.7,8.4,7.4,1.0,2.3,9.2,17.8,0.0,-0.5,0.7,0.2,0.006,-3.1,-1.1,-4.2,-0.6
353,John Konchar,SG,SG,23.0,MEM,15.0,167.0,19.0,0.711,0.257,0.057,11.5,17.3,14.4,16.7,2.0,1.6,14.3,10.4,0.0,0.5,0.2,0.7,0.195,2.7,2.2,5.0,0.3
354,Furkan Korkmaz,SG,SG,22.0,PHI,64.0,1398.0,11.7,0.571,0.617,0.14,1.3,10.4,5.8,7.3,1.3,0.9,8.7,18.5,0.0,1.0,1.3,2.3,0.079,-0.6,-0.9,-1.5,0.2
355,Luke Kornet,C,C,24.0,CHI,36.0,559.0,12.7,0.539,0.578,0.15,4.1,12.9,8.3,8.5,0.9,4.4,6.6,16.3,0.0,0.5,0.5,1.1,0.091,-0.9,-0.2,-1.1,0.1
356,Kyle Korver,SF,SF,38.0,MIL,50.0,833.0,11.2,0.613,0.799,0.131,1.8,10.1,6.2,9.5,1.2,1.3,13.3,15.7,0.0,0.8,1.4,2.2,0.125,-0.5,0.7,0.2,0.5
357,Rodions Kurucs,PF,PF,21.0,BRK,39.0,501.0,8.4,0.554,0.485,0.209,3.8,15.8,10.0,9.4,1.6,0.5,19.3,15.1,0.0,-0.1,0.6,0.5,0.048,-3.9,0.9,-2.9,-0.1
358,Kyle Kuzma,PF,PF,24.0,LAL,54.0,1327.0,11.6,0.522,0.401,0.221,4.0,15.5,9.9,7.4,0.8,1.4,11.6,23.2,0.0,-0.2,1.6,1.4,0.052,-2.2,-1.3,-3.5,-0.5
359,Skal Labissiere,C,C,23.0,POR,33.0,567.0,15.4,0.588,0.088,0.224,12.1,18.7,15.4,10.2,0.6,4.6,15.7,14.3,0.0,1.0,0.4,1.4,0.122,-1.5,0.3,-1.3,0.1
360,Jeremy Lamb,SG,SG,27.0,IND,46.0,1291.0,14.1,0.547,0.33,0.23,2.1,14.9,8.5,10.5,2.1,1.5,8.7,19.7,0.0,0.9,1.8,2.7,0.099,-1.1,0.7,-0.4,0.5
361,Romeo Langford,SG,SG,20.0,BOS,27.0,298.0,6.0,0.465,0.359,0.359,5.1,6.4,5.8,2.6,1.3,1.9,10.8,11.9,0.0,-0.1,0.3,0.2,0.039,-4.5,-0.1,-4.6,-0.2
362,Zach LaVine,SG,SG,24.0,CHI,60.0,2085.0,19.5,0.568,0.404,0.279,2.1,13.8,7.7,21.7,2.0,1.3,13.3,31.7,0.0,1.8,2.2,4.0,0.092,3.3,-0.8,2.5,2.4
364,Vic Law,SF,SF,24.0,ORL,5.0,9.0,-16.6,0.0,0.333,0.667,0.0,12.4,6.0,0.0,0.0,0.0,0.0,18.6,0.0,-0.1,0.0,-0.1,-0.456,-17.0,-8.2,-25.2,-0.1
365,Jake Layman,PF,PF,25.0,MIN,23.0,505.0,10.3,0.544,0.402,0.179,3.4,8.7,6.0,4.4,1.6,1.6,11.1,17.7,0.0,0.0,0.3,0.3,0.029,-2.7,-1.0,-3.7,-0.2
366,T.J. Leaf,PF,PF,22.0,IND,25.0,193.0,13.8,0.485,0.203,0.174,12.1,24.4,18.3,4.3,2.0,1.4,8.6,18.5,0.0,0.0,0.3,0.4,0.088,-1.4,-0.1,-1.5,0.0
367,Jalen Lecque,PG,PG,19.0,PHO,4.0,26.0,5.0,0.46,0.4,0.2,0.0,0.0,0.0,11.1,0.0,0.0,8.4,19.4,0.0,0.0,0.0,0.0,-0.042,-5.7,-3.6,-9.3,0.0
368,Courtney Lee,SG,SG,34.0,DAL,24.0,345.0,10.9,0.629,0.573,0.085,2.2,7.4,4.9,4.7,2.5,1.5,11.4,11.9,0.0,0.3,0.4,0.7,0.098,-2.1,1.6,-0.5,0.1
369,Damion Lee,SG,SG,27.0,GSW,49.0,1423.0,12.7,0.548,0.468,0.247,2.4,16.3,9.1,14.4,1.7,0.4,10.6,19.0,0.0,0.9,0.8,1.7,0.058,-1.5,-0.8,-2.3,-0.1
370,Alex Len,C,C,26.0,TOT,49.0,895.0,18.0,0.596,0.185,0.301,11.4,24.5,17.9,8.1,1.2,4.5,12.8,18.3,0.0,1.4,0.9,2.3,0.122,-0.2,-0.2,-0.5,0.3
371,Alex Len,C,C,26.0,ATL,40.0,745.0,17.5,0.59,0.215,0.312,9.8,23.6,16.6,8.7,1.3,3.7,11.7,18.6,0.0,1.1,0.6,1.8,0.113,-0.2,-0.3,-0.4,0.3
372,Alex Len,C,C,26.0,SAC,9.0,150.0,20.3,0.636,0.0,0.238,19.0,29.3,24.1,5.1,0.7,8.3,19.2,16.7,0.0,0.3,0.2,0.5,0.165,-0.7,0.1,-0.6,0.1
373,Kawhi Leonard,SF,SF,28.0,LAC,51.0,1643.0,26.7,0.585,0.287,0.344,3.3,19.7,11.7,27.0,2.6,1.7,10.7,33.2,0.0,4.6,3.0,7.6,0.222,6.5,2.5,9.0,4.6
374,Meyers Leonard,C,C,27.0,MIA,49.0,987.0,11.1,0.64,0.534,0.117,3.2,24.1,14.1,7.7,0.6,1.5,13.0,12.0,0.0,1.0,1.1,2.1,0.104,-1.0,0.4,-0.6,0.3
375,Caris LeVert,SG,SG,25.0,BRK,39.0,1131.0,15.1,0.509,0.31,0.264,3.7,10.6,7.2,23.5,1.8,0.5,12.6,28.8,0.0,-0.1,1.2,1.2,0.05,0.1,-0.7,-0.6,0.4
376,Damian Lillard,PG,PG,29.0,POR,58.0,2140.0,26.2,0.619,0.493,0.377,1.5,10.5,6.1,34.1,1.3,0.8,11.0,30.2,0.0,8.9,0.7,9.6,0.215,7.9,-0.7,7.2,5.0
377,Nassir Little,PF,PF,19.0,POR,48.0,573.0,9.7,0.505,0.391,0.291,5.7,13.7,9.8,5.1,1.1,2.1,8.1,13.7,0.0,0.3,0.3,0.6,0.05,-2.9,-0.6,-3.5,-0.2
378,Kevon Looney,C,C,23.0,GSW,20.0,262.0,9.4,0.403,0.177,0.152,11.2,16.3,13.6,11.1,2.2,2.1,12.5,15.7,0.0,-0.2,0.2,0.0,0.005,-4.8,-0.8,-5.5,-0.2
379,Brook Lopez,C,C,31.0,MIL,61.0,1622.0,14.0,0.537,0.497,0.212,2.7,13.2,8.3,7.8,1.2,8.0,9.2,17.5,0.0,0.8,3.9,4.6,0.137,-1.1,2.8,1.8,1.5
380,Robin Lopez,C,C,31.0,MIL,60.0,862.0,11.1,0.565,0.352,0.158,6.3,10.2,8.4,6.4,0.5,4.1,15.6,16.6,0.0,0.2,1.5,1.7,0.095,-2.4,0.5,-1.9,0.0
381,Kevin Love,PF,PF,31.0,CLE,56.0,1780.0,17.9,0.599,0.536,0.301,3.3,31.1,17.1,15.4,0.9,0.9,14.5,23.1,0.0,2.5,1.2,3.8,0.102,2.6,-0.6,2.1,1.8
382,Kyle Lowry,PG,PG,33.0,TOR,52.0,1901.0,17.9,0.589,0.583,0.399,1.7,12.0,7.0,31.0,1.8,1.1,15.0,23.1,0.0,4.1,2.8,6.9,0.173,2.5,0.7,3.2,2.5
383,Timothe Luwawu-Cabarrot,SG,SG,24.0,BRK,39.0,671.0,8.9,0.563,0.568,0.323,3.8,10.0,7.0,5.3,1.1,0.7,12.7,15.7,0.0,0.4,0.6,1.0,0.069,-3.0,-0.2,-3.2,-0.2
384,Trey Lyles,PF,PF,24.0,SAS,63.0,1271.0,12.7,0.557,0.49,0.131,6.0,24.6,15.3,7.3,1.1,1.9,9.7,13.7,0.0,1.2,1.0,2.2,0.081,-0.5,-0.7,-1.2,0.2
385,Daryl Macon,SG,SG,24.0,MIA,4.0,14.0,-3.1,0.5,0.667,0.0,0.0,0.0,0.0,9.6,0.0,0.0,40.0,15.8,0.0,0.0,0.0,0.0,-0.161,-7.0,-4.4,-11.4,0.0
387,J.P. Macura,SG,SG,24.0,CLE,1.0,1.0,0.0,0.0,0.0,0.0,0.0,0.0,0.0,0.0,0.0,0.0,0.0,0.0,0.0,0.0,0.0,0.0,-0.023,-5.1,-1.2,-6.3,0.0
388,Josh Magette,PG,PG,30.0,ORL,8.0,38.0,5.1,0.378,0.267,0.133,2.7,14.6,8.5,19.2,3.9,2.4,23.9,23.8,0.0,-0.2,0.1,-0.1,-0.126,-8.0,1.6,-6.4,0.0
389,Ian Mahinmi,C,C,33.0,WAS,38.0,808.0,14.1,0.545,0.124,0.538,10.2,19.8,14.8,8.2,1.8,4.7,14.8,15.7,0.0,0.7,0.7,1.4,0.082,-2.7,0.0,-2.7,-0.2
390,Thon Maker,C,C,22.0,DET,60.0,776.0,13.7,0.582,0.332,0.57,7.8,16.7,12.2,8.0,1.6,4.2,15.7,16.1,0.0,0.7,0.8,1.5,0.096,-2.0,0.7,-1.4,0.1
391,Terance Mann,SG,SG,23.0,LAC,35.0,271.0,7.1,0.472,0.222,0.222,1.6,10.8,6.3,17.9,1.4,1.6,19.1,11.2,0.0,0.0,0.3,0.3,0.057,-4.7,1.2,-3.5,-0.1
392,Boban Marjanovic,C,C,31.0,DAL,37.0,337.0,24.5,0.599,0.087,0.272,16.8,30.5,23.7,6.7,1.0,1.8,11.8,27.9,0.0,0.8,0.5,1.3,0.184,1.7,-1.7,0.0,0.2
393,Lauri Markkanen,PF,PF,22.0,CHI,50.0,1492.0,14.3,0.56,0.536,0.259,4.2,19.7,11.6,7.6,1.4,1.5,11.0,21.1,0.0,1.1,1.6,2.6,0.084,0.2,-0.8,-0.5,0.5
394,Caleb Martin,SF,SF,24.0,CHO,18.0,317.0,12.0,0.595,0.44,0.25,3.3,10.0,6.5,11.1,1.9,2.0,13.9,15.0,0.0,0.3,0.2,0.5,0.081,-1.6,0.5,-1.0,0.1
395,Cody Martin,SF,SF,24.0,CHO,48.0,903.0,10.5,0.505,0.372,0.314,4.4,15.1,9.6,15.7,2.2,0.9,15.7,13.6,0.0,0.2,0.8,1.0,0.052,-3.1,1.0,-2.1,0.0
396,Jeremiah Martin,PG,PG,23.0,BRK,3.0,16.0,5.9,0.2,0.2,0.0,0.0,12.6,6.4,16.5,3.0,5.2,0.0,13.1,0.0,0.0,0.0,0.0,-0.04,-6.6,3.6,-3.0,0.0
397,Kelan Martin,SF,SF,24.0,MIN,31.0,495.0,9.2,0.506,0.53,0.171,2.5,18.6,10.2,6.8,0.7,1.5,9.3,17.8,0.0,-0.1,0.3,0.2,0.023,-3.3,-1.0,-4.3,-0.3
398,Frank Mason III,PG,PG,25.0,MIL,6.0,53.0,4.2,0.337,0.526,0.211,6.0,8.8,7.5,25.6,1.7,0.0,22.4,20.8,0.0,-0.2,0.1,-0.1,-0.06,-7.5,-0.9,-8.4,-0.1
399,Garrison Mathews,SG,SG,23.0,WAS,18.0,227.0,13.1,0.691,0.821,0.607,2.8,9.1,5.8,5.8,1.6,0.4,10.1,14.5,0.0,0.6,0.0,0.6,0.129,-0.5,-0.6,-1.1,0.1
400,Wesley Matthews,SG,SG,33.0,MIL,62.0,1529.0,8.4,0.545,0.691,0.157,1.4,8.5,5.2,7.4,1.1,0.5,8.7,12.7,0.0,0.8,2.4,3.1,0.099,-2.5,0.8,-1.7,0.1
401,Patrick McCaw,SF,SF,24.0,TOR,37.0,908.0,7.3,0.5,0.438,0.111,2.3,7.6,5.0,11.4,2.0,0.4,14.6,9.4,0.0,0.2,1.2,1.4,0.073,-3.6,1.8,-1.8,0.0
402,CJ McCollum,SG,SG,28.0,POR,62.0,2229.0,17.4,0.543,0.378,0.135,1.9,9.7,5.9,19.3,1.0,1.5,8.3,26.7,0.0,3.1,0.6,3.7,0.079,2.5,-1.7,0.9,1.6
403,T.J. McConnell,PG,PG,27.0,IND,63.0,1188.0,16.2,0.541,0.041,0.099,3.0,12.1,7.6,37.2,1.8,0.8,18.5,17.2,0.0,1.6,1.4,2.9,0.119,0.1,0.2,0.3,0.7
404,Jalen McDaniels,PF,PF,22.0,CHO,16.0,293.0,10.7,0.574,0.343,0.243,5.4,19.4,12.1,6.8,1.4,0.9,12.4,13.3,0.0,0.2,0.2,0.5,0.078,-3.3,0.0,-3.3,-0.1
405,Doug McDermott,PF,PF,28.0,IND,62.0,1242.0,14.3,0.626,0.54,0.106,2.1,11.7,6.9,8.3,0.4,0.3,7.2,19.6,0.0,2.1,0.9,3.0,0.115,1.5,-1.5,0.0,0.6
406,JaVale McGee,C,C,32.0,LAL,61.0,1023.0,20.0,0.655,0.021,0.265,12.1,25.2,18.8,4.7,1.4,7.9,12.9,15.0,0.0,2.2,2.3,4.5,0.211,-0.3,2.3,2.1,1.1
408,Rodney McGruder,SG,SG,28.0,LAC,50.0,749.0,6.5,0.472,0.506,0.179,3.7,13.7,8.8,5.1,1.4,0.9,11.1,10.5,0.0,-0.1,1.0,0.8,0.054,-3.8,0.8,-3.0,-0.2
409,Alfonzo McKinnie,SF,SF,27.0,CLE,40.0,593.0,8.7,0.493,0.38,0.181,6.9,14.4,10.6,3.3,1.9,1.2,12.3,15.2,0.0,-0.2,0.3,0.2,0.014,-4.4,-0.9,-5.3,-0.5
410,Jordan McLaughlin,PG,PG,23.0,MIN,30.0,590.0,16.3,0.587,0.427,0.219,1.2,7.8,4.4,31.0,2.7,0.6,13.7,15.8,0.0,1.2,0.4,1.6,0.13,0.4,-0.1,0.3,0.3
411,Ben McLemore,SG,SG,26.0,HOU,63.0,1437.0,11.7,0.622,0.83,0.132,1.5,8.7,5.1,5.3,1.2,0.7,8.5,15.6,0.0,2.1,0.9,3.0,0.1,0.0,-0.7,-0.7,0.5
412,Jordan McRae,SG,SG,28.0,TOT,37.0,784.0,14.2,0.515,0.344,0.298,2.4,15.4,8.7,17.7,1.3,1.8,9.4,24.4,0.0,0.4,0.3,0.7,0.043,0.0,-1.6,-1.5,0.1
413,Jordan McRae,SG,SG,28.0,WAS,29.0,654.0,15.2,0.523,0.334,0.262,2.7,15.2,8.7,18.8,1.4,2.0,9.7,24.9,0.0,0.4,0.2,0.7,0.05,0.8,-1.3,-0.5,0.3
414,Jordan McRae,SG,SG,28.0,DEN,4.0,32.0,16.7,0.58,0.667,0.667,3.5,13.9,8.7,15.6,3.1,2.9,0.0,10.5,0.0,0.1,0.0,0.1,0.208,1.0,1.4,2.5,0.0
415,Jordan McRae,SG,SG,28.0,DET,4.0,98.0,6.5,0.446,0.372,0.512,0.0,17.6,8.7,10.7,0.0,0.0,8.7,25.7,0.0,-0.1,0.0,-0.1,-0.053,-5.6,-4.2,-9.8,-0.2
416,Nicolo Melli,C,C,29.0,NOP,52.0,889.0,12.3,0.583,0.647,0.216,4.4,14.3,9.3,10.2,1.6,1.8,12.1,15.9,0.0,1.0,0.8,1.8,0.095,-0.9,0.3,-0.6,0.3
417,De'Anthony Melton,PG,PG,21.0,MEM,52.0,1011.0,14.6,0.525,0.331,0.3,3.9,15.9,10.0,20.9,3.0,1.5,16.3,19.6,0.0,0.4,1.4,1.8,0.086,-1.6,1.8,0.3,0.6
418,Chimezie Metu,PF,PF,22.0,SAS,16.0,73.0,25.4,0.597,0.029,0.229,14.7,23.7,19.2,13.9,0.7,4.8,11.5,25.9,0.0,0.2,0.1,0.2,0.159,3.8,-0.8,3.0,0.1
419,Khris Middleton,SF,SF,28.0,MIL,55.0,1653.0,21.4,0.619,0.374,0.231,2.5,17.0,10.2,21.0,1.4,0.4,10.8,26.2,0.0,4.3,3.1,7.4,0.214,3.4,0.9,4.4,2.7
420,Eric Mika,PF,PF,25.0,SAC,1.0,19.0,14.0,0.773,0.0,0.667,11.6,30.5,20.8,0.0,0.0,0.0,0.0,8.9,0.0,0.1,0.0,0.1,0.222,-2.2,-0.9,-3.1,0.0
421,C.J. Miles,SG,SG,32.0,WAS,10.0,161.0,11.0,0.472,0.593,0.339,2.6,5.7,4.1,9.9,2.9,2.2,5.6,18.6,0.0,0.0,0.1,0.1,0.033,-1.8,0.0,-1.9,0.0
422,Malcolm Miller,SF,SF,26.0,TOR,25.0,125.0,4.7,0.432,0.792,0.25,0.9,10.8,5.9,8.3,1.5,1.5,10.1,10.1,0.0,-0.1,0.2,0.1,0.037,-4.3,1.4,-2.9,0.0
423,Patty Mills,PG,PG,31.0,SAS,63.0,1430.0,14.7,0.589,0.675,0.188,1.4,6.0,3.7,11.3,1.7,0.4,7.6,20.5,0.0,2.1,0.5,2.6,0.086,1.1,-1.2,-0.1,0.7
424,Paul Millsap,PF,PF,34.0,DEN,44.0,1075.0,17.7,0.598,0.282,0.326,9.0,17.9,13.5,9.5,1.7,2.4,12.1,20.3,0.0,2.0,1.4,3.4,0.151,0.6,0.0,0.6,0.7
425,Shake Milton,SG,SG,23.0,PHI,32.0,611.0,15.2,0.633,0.488,0.235,2.0,10.3,6.1,17.4,1.5,0.8,13.7,19.6,0.0,1.1,0.6,1.7,0.134,0.3,-0.6,-0.3,0.3
426,Donovan Mitchell,SG,SG,23.0,UTA,63.0,2165.0,19.1,0.56,0.347,0.235,2.3,11.2,7.0,21.2,1.5,0.5,10.9,31.0,0.0,3.0,2.2,5.2,0.115,2.4,-0.5,1.9,2.1
427,Naz Mitrou-Long,SG,SG,26.0,IND,3.0,43.0,10.1,0.438,0.688,0.0,0.0,15.3,7.7,22.2,1.1,2.0,11.1,18.4,0.0,0.0,0.0,0.0,0.015,-1.9,2.4,0.5,0.0
428,Adam Mokoka,SG,SG,21.0,CHI,11.0,112.0,8.2,0.538,0.536,0.143,6.6,3.1,4.9,5.0,1.7,0.0,6.3,12.1,0.0,0.1,0.1,0.2,0.073,-3.1,-1.0,-4.1,-0.1
429,Malik Monk,SG,SG,21.0,CHO,55.0,1169.0,12.7,0.53,0.418,0.205,2.4,12.6,7.3,16.6,1.1,1.3,12.6,22.9,0.0,0.1,0.6,0.7,0.028,-1.0,-1.3,-2.3,-0.1
430,Matt Mooney,SG,SG,22.0,CLE,4.0,19.0,8.1,0.25,0.5,0.0,0.0,17.7,8.8,6.7,5.1,4.5,0.0,9.0,0.0,0.0,0.0,0.0,0.006,-5.3,5.0,-0.3,0.0
432,E'Twaun Moore,SG,SG,30.0,NOP,51.0,958.0,11.1,0.509,0.39,0.105,3.2,10.4,6.8,10.9,1.4,0.9,8.1,19.9,0.0,0.2,0.6,0.8,0.042,-2.0,-1.0,-2.9,-0.2
433,Ja Morant,PG,PG,20.0,MEM,59.0,1771.0,18.0,0.568,0.174,0.331,2.7,9.5,6.2,34.6,1.4,0.7,17.2,26.0,0.0,2.2,1.2,3.4,0.093,1.6,-1.3,0.4,1.1
434,Juwan Morgan,PF,PF,22.0,UTA,16.0,74.0,8.8,0.559,0.294,0.0,7.8,19.8,14.1,3.8,0.0,1.1,15.0,11.9,0.0,0.0,0.1,0.1,0.066,-2.9,-0.4,-3.3,0.0
435,Marcus Morris,SF-PF,SF,30.0,TOT,55.0,1727.0,14.8,0.567,0.432,0.279,3.3,14.2,8.6,6.9,1.2,1.4,9.5,22.8,0.0,2.0,1.2,3.2,0.088,0.9,-0.8,0.1,0.9
436,Marcus Morris,SF,SF,30.0,NYK,43.0,1387.0,16.5,0.582,0.415,0.311,3.6,14.7,9.0,6.8,1.2,1.2,9.2,24.4,0.0,2.2,0.8,2.9,0.101,1.9,-1.1,0.8,1.0
437,Marcus Morris,PF,PF,30.0,LAC,12.0,340.0,7.7,0.48,0.526,0.096,2.2,12.2,7.3,7.2,1.1,2.6,11.2,16.4,0.0,-0.2,0.4,0.2,0.033,-3.1,0.5,-2.6,-0.1
438,Markieff Morris,PF,PF,30.0,TOT,52.0,1106.0,12.4,0.568,0.494,0.195,3.4,17.0,10.2,10.4,1.2,1.2,14.0,21.1,0.0,0.4,0.8,1.2,0.053,-1.2,-0.9,-2.1,0.0
439,Markieff Morris,PF,PF,30.0,DET,44.0,988.0,12.7,0.573,0.486,0.203,2.7,17.3,9.9,11.0,1.3,0.9,14.2,21.8,0.0,0.3,0.7,1.0,0.049,-1.0,-1.0,-2.1,0.0
440,Markieff Morris,PF,PF,30.0,LAL,8.0,118.0,9.8,0.503,0.583,0.111,9.5,14.4,12.0,5.5,0.8,3.0,11.7,15.3,0.0,0.1,0.2,0.2,0.086,-2.5,0.1,-2.4,0.0
441,Monte Morris,PG,PG,24.0,DEN,65.0,1402.0,14.9,0.537,0.298,0.128,1.6,7.3,4.4,23.3,1.9,1.1,8.1,17.2,0.0,2.2,1.2,3.4,0.117,0.2,-0.1,0.1,0.8
442,Johnathan Motley,PF,PF,24.0,LAC,13.0,41.0,28.4,0.774,0.067,0.467,7.7,17.2,12.6,32.8,3.4,0.0,21.7,23.4,0.0,0.2,0.1,0.3,0.299,4.8,3.3,8.1,0.1
443,Emmanuel Mudiay,PG,PG,23.0,UTA,48.0,752.0,13.7,0.55,0.263,0.239,2.6,13.7,8.4,21.8,1.2,1.1,16.9,22.4,0.0,0.3,0.8,1.1,0.071,-1.2,0.1,-1.1,0.2
444,Mychal Mulder,SG,SG,25.0,GSW,7.0,204.0,7.8,0.533,0.776,0.179,1.5,11.0,6.1,5.8,0.5,0.4,6.5,16.2,0.0,0.1,0.0,0.1,0.017,-3.3,-2.9,-6.1,-0.2
445,Dejounte Murray,PG,PG,23.0,SAS,58.0,1447.0,17.1,0.535,0.168,0.175,5.0,20.0,12.5,23.7,3.3,1.0,15.7,20.6,0.0,0.9,1.7,2.6,0.087,-0.5,1.5,1.0,1.1
446,Jamal Murray,PG,PG,22.0,DEN,55.0,1804.0,17.5,0.559,0.359,0.209,2.6,10.8,6.7,22.7,1.8,0.8,11.8,25.2,0.0,2.5,1.6,4.2,0.111,1.8,-0.7,1.1,1.4
447,Dzanan Musa,SF,SF,20.0,BRK,35.0,404.0,8.4,0.467,0.468,0.317,5.0,12.9,9.0,11.0,1.5,0.2,15.5,19.4,0.0,-0.4,0.4,0.0,0.006,-4.1,-0.7,-4.8,-0.3
448,Mike Muscala,C,C,28.0,OKC,41.0,492.0,12.2,0.56,0.755,0.138,3.0,17.7,10.6,9.8,0.8,1.9,7.7,16.4,0.0,0.5,0.5,1.0,0.102,-0.1,-0.1,-0.2,0.2
449,Sviatoslav Mykhailiuk,SF,SF,22.0,DET,56.0,1265.0,11.2,0.578,0.704,0.173,1.5,7.9,4.7,12.3,1.6,0.3,12.3,17.1,0.0,1.0,0.6,1.6,0.06,-0.7,-1.2,-1.8,0.0
450,Abdel Nader,SF,SF,26.0,OKC,48.0,756.0,11.2,0.58,0.477,0.282,2.1,10.8,6.6,6.6,1.3,2.3,12.7,16.5,0.0,0.4,0.7,1.1,0.072,-1.1,0.2,-0.8,0.2
451,Larry Nance Jr.,C,C,27.0,CLE,56.0,1472.0,17.3,0.608,0.369,0.172,7.9,23.1,15.4,12.3,1.9,1.3,11.5,15.2,0.0,2.8,1.1,3.9,0.128,1.4,0.3,1.8,1.4
452,Shabazz Napier,PG,PG,28.0,TOT,51.0,1234.0,14.5,0.555,0.538,0.341,2.1,10.8,6.3,29.1,2.5,0.6,18.9,19.6,0.0,1.1,0.8,1.9,0.075,-0.3,-0.2,-0.5,0.5
453,Shabazz Napier,PG,PG,28.0,MIN,36.0,856.0,13.9,0.539,0.562,0.311,2.0,11.9,6.8,31.3,2.2,0.7,19.1,19.1,0.0,0.6,0.6,1.3,0.071,-0.5,-0.2,-0.8,0.3
454,Shabazz Napier,PG,PG,28.0,WAS,15.0,378.0,15.7,0.587,0.485,0.408,2.2,8.5,5.2,24.2,3.2,0.5,18.6,20.7,0.0,0.4,0.2,0.6,0.082,0.2,-0.2,0.1,0.2
455,Raul Neto,PG,PG,27.0,PHI,49.0,565.0,11.5,0.562,0.406,0.177,2.1,8.0,5.1,19.3,1.9,0.8,18.2,17.6,0.0,0.2,0.6,0.8,0.071,-1.8,-0.1,-1.9,0.0
456,Malik Newman,SG,SG,22.0,CLE,1.0,4.0,-11.3,0.347,0.5,1.0,0.0,0.0,0.0,0.0,0.0,0.0,25.8,41.5,0.0,0.0,0.0,0.0,-0.503,-14.5,-11.3,-25.9,0.0
457,Georges Niang,PF,PF,26.0,UTA,58.0,772.0,12.4,0.612,0.698,0.083,1.8,13.2,7.7,6.7,0.8,0.5,8.6,17.1,0.0,1.0,0.7,1.7,0.105,0.9,-0.4,0.5,0.5
459,Nerlens Noel,C,C,25.0,OKC,55.0,1014.0,21.7,0.714,0.012,0.386,9.3,20.0,14.8,7.9,2.7,6.9,15.4,15.3,0.0,2.7,2.1,4.8,0.225,0.5,3.4,4.0,1.5
460,Zach Norvell,SG,SG,22.0,TOT,5.0,41.0,2.6,0.402,0.667,0.083,0.0,16.3,7.9,10.2,2.3,0.0,19.4,16.1,0.0,-0.1,0.0,-0.1,-0.084,-7.1,-1.2,-8.3,-0.1
461,Zach Norvell,SG,SG,22.0,LAL,2.0,5.0,-5.6,0.0,0.0,0.0,0.0,21.3,10.9,0.0,0.0,0.0,0.0,8.4,0.0,0.0,0.0,0.0,-0.149,-10.2,-2.4,-12.6,0.0
462,Zach Norvell,SG,SG,22.0,GSW,3.0,36.0,3.7,0.437,0.727,0.091,0.0,15.6,7.5,11.7,2.7,0.0,20.8,17.1,0.0,-0.1,0.0,-0.1,-0.075,-6.7,-1.1,-7.7,-0.1
463,Jaylen Nowell,SG,SG,20.0,MIN,15.0,151.0,10.5,0.471,0.491,0.321,2.0,7.3,4.5,17.8,0.9,0.6,4.7,17.3,0.0,0.1,0.0,0.2,0.051,-2.9,-0.8,-3.7,-0.1
464,Frank Ntilikina,PG,PG,21.0,NYK,57.0,1187.0,9.8,0.497,0.411,0.177,2.0,9.1,5.4,20.2,2.2,1.3,16.5,15.4,0.0,0.1,0.8,0.9,0.037,-3.6,0.4,-3.2,-0.4
465,Kendrick Nunn,SG,SG,24.0,MIA,62.0,1846.0,13.5,0.545,0.426,0.108,1.2,8.7,5.1,18.7,1.4,0.6,10.2,23.7,0.0,1.0,1.4,2.4,0.064,-0.7,-1.3,-2.0,0.0
466,David Nwaba,SF,SF,27.0,BRK,20.0,268.0,14.0,0.627,0.394,0.38,3.2,13.9,8.6,4.4,1.9,3.7,8.8,14.2,0.0,0.4,0.4,0.8,0.142,-1.1,2.0,1.0,0.2
467,Royce O'Neale,PF,PF,26.0,UTA,64.0,1862.0,9.3,0.584,0.657,0.153,1.4,17.8,10.0,11.5,1.2,1.3,12.7,9.3,0.0,1.8,2.2,4.0,0.104,-1.3,2.1,0.8,1.3
468,Kyle O'Quinn,C,C,29.0,PHI,26.0,258.0,18.1,0.541,0.319,0.264,13.7,28.3,21.0,19.1,0.9,7.3,18.3,16.5,0.0,0.3,0.5,0.8,0.155,-0.7,2.2,1.5,0.2
469,Semi Ojeleye,PF,PF,25.0,BOS,61.0,891.0,7.6,0.557,0.616,0.176,2.9,11.9,7.5,4.5,1.0,0.5,6.5,8.8,0.0,0.8,0.9,1.7,0.091,-2.1,0.5,-1.6,0.1
470,Jahlil Okafor,C,C,24.0,NOP,28.0,424.0,17.8,0.631,0.014,0.403,11.4,18.2,14.8,12.6,0.8,3.7,17.5,19.8,0.0,0.7,0.4,1.1,0.129,-0.8,0.6,-0.2,0.2
471,Elie Okobo,PG,PG,22.0,PHO,54.0,707.0,10.5,0.511,0.392,0.37,2.5,11.6,6.9,21.5,1.6,0.5,15.3,14.9,0.0,0.4,0.5,0.9,0.059,-2.0,-0.1,-2.1,0.0
472,Josh Okogie,SG,SG,21.0,MIN,62.0,1547.0,11.5,0.553,0.387,0.48,5.7,12.8,9.1,8.9,2.0,1.4,15.3,15.1,0.0,1.0,1.2,2.2,0.067,-2.4,0.0,-2.4,-0.1
473,KZ Okpala,SF,SF,20.0,MIA,5.0,26.0,13.7,0.595,0.2,0.4,4.5,16.6,10.8,5.5,3.8,3.8,14.5,11.7,0.0,0.0,0.0,0.1,0.119,-1.2,4.0,2.7,0.0
474,Victor Oladipo,SG,SG,27.0,IND,13.0,337.0,12.0,0.5,0.429,0.255,2.3,11.0,6.7,16.9,1.6,0.8,13.5,27.0,0.0,-0.3,0.4,0.1,0.008,-1.7,-1.3,-3.0,-0.1
475,Kelly Olynyk,C,C,28.0,MIA,59.0,1089.0,14.7,0.64,0.584,0.259,4.0,22.0,13.4,13.2,1.7,1.6,15.1,16.9,0.0,1.7,1.5,3.2,0.14,0.1,1.0,1.1,0.8
476,Miye Oni,SG,SG,22.0,UTA,5.0,11.0,-9.9,0.0,0.5,0.0,0.0,19.1,10.0,0.0,0.0,0.0,33.3,12.0,0.0,-0.1,0.0,-0.1,-0.285,-12.7,-4.6,-17.3,0.0
477,Cedi Osman,SF,SF,24.0,CLE,65.0,1910.0,10.7,0.552,0.527,0.154,2.2,11.3,6.7,11.6,1.4,0.7,12.3,16.6,0.0,1.1,0.5,1.6,0.04,-1.6,-0.9,-2.6,-0.3
478,Kelly Oubre Jr.,SF,SF,24.0,PHO,56.0,1933.0,14.9,0.56,0.372,0.298,3.8,17.3,10.4,6.7,1.7,1.8,8.2,22.4,0.0,1.7,1.9,3.6,0.09,-0.3,-0.4,-0.6,0.7
479,Tariq Owens,PF,PF,24.0,PHO,3.0,15.0,8.4,0.34,0.4,0.4,14.5,7.6,11.1,0.0,3.2,0.0,0.0,16.7,0.0,0.0,0.0,0.0,0.017,-3.1,-2.8,-5.9,0.0
480,Jeremy Pargo,PG,PG,33.0,GSW,3.0,44.0,12.7,0.557,0.318,0.045,2.4,5.1,3.7,33.2,1.1,0.0,15.1,25.7,0.0,0.0,0.0,0.0,0.011,-2.8,-3.1,-5.9,0.0
482,Jabari Parker,PF,PF,24.0,TOT,33.0,852.0,17.0,0.561,0.291,0.185,6.7,18.1,12.3,11.7,2.3,1.5,12.2,24.0,0.0,0.5,0.7,1.2,0.066,0.2,-0.4,-0.1,0.4
483,Jabari Parker,PF,PF,24.0,ATL,32.0,837.0,17.2,0.565,0.293,0.183,6.9,17.9,12.3,11.6,2.3,1.5,12.4,24.0,0.0,0.5,0.7,1.2,0.069,0.4,-0.3,0.1,0.4
484,Jabari Parker,PF,PF,24.0,SAC,1.0,15.0,4.0,0.291,0.167,0.333,0.0,30.9,15.0,17.4,0.0,0.0,0.0,20.0,0.0,0.0,0.0,0.0,-0.079,-6.9,-3.4,-10.3,0.0
485,Chandler Parsons,SF,SF,31.0,ATL,5.0,54.0,5.6,0.389,0.778,0.0,2.0,12.1,7.0,7.5,3.5,1.6,14.3,16.1,0.0,-0.1,0.0,-0.1,-0.066,-4.7,-1.3,-6.0,-0.1
486,Eric Paschall,PF,PF,23.0,GSW,60.0,1654.0,14.5,0.571,0.202,0.331,5.2,13.1,9.0,12.7,0.9,0.7,11.4,21.4,0.0,1.6,0.5,2.1,0.062,-0.7,-2.0,-2.7,-0.3
487,Anzejs Pasecniks,C,C,24.0,WAS,24.0,405.0,11.6,0.555,0.019,0.509,10.2,16.9,13.4,5.7,0.9,2.6,14.5,15.6,0.0,0.3,0.2,0.5,0.056,-3.8,-1.6,-5.4,-0.3
488,Patrick Patterson,PF,PF,30.0,LAC,51.0,607.0,11.7,0.576,0.755,0.181,5.2,15.1,10.3,6.9,0.5,0.4,8.1,15.1,0.0,0.9,0.6,1.5,0.118,0.9,-0.5,0.4,0.4
489,Justin Patton,C,C,22.0,OKC,5.0,24.0,4.7,0.45,0.4,0.0,4.8,17.9,11.6,12.5,0.0,0.0,16.7,22.1,0.0,0.0,0.0,0.0,-0.066,-6.9,-3.3,-10.1,-0.1
490,Chris Paul,PG,PG,34.0,OKC,63.0,2003.0,21.7,0.609,0.347,0.311,1.2,15.5,8.6,33.4,2.4,0.4,13.0,23.2,0.0,5.5,2.5,8.1,0.194,3.1,1.2,4.3,3.2
491,Elfrid Payton,PG,PG,25.0,NYK,45.0,1246.0,16.0,0.47,0.157,0.195,4.3,14.1,9.1,38.6,2.7,1.3,16.7,19.5,0.0,0.5,1.2,1.7,0.065,-0.3,0.3,0.0,0.6
492,Gary Payton II,PG,PG,27.0,WAS,29.0,432.0,11.3,0.473,0.397,0.069,6.3,14.3,10.2,14.7,3.6,1.4,14.3,13.4,0.0,0.1,0.4,0.4,0.049,-3.1,1.5,-1.6,0.0
493,Norvel Pelle,C,C,26.0,PHI,20.0,178.0,11.2,0.521,0.0,0.343,9.9,27.3,18.6,5.3,0.3,12.0,24.4,12.9,0.0,-0.1,0.4,0.3,0.082,-7.1,3.1,-4.1,-0.1
494,Theo Pinson,SG,SG,24.0,BRK,33.0,365.0,5.2,0.37,0.516,0.103,2.9,12.1,7.6,22.0,2.2,0.9,16.9,22.4,0.0,-1.0,0.5,-0.6,-0.074,-6.9,-0.2,-7.1,-0.5
495,Mason Plumlee,C,C,29.0,DEN,53.0,900.0,19.1,0.615,0.016,0.556,11.0,23.9,17.4,20.0,1.6,3.4,18.9,18.4,0.0,1.7,1.3,3.0,0.162,0.2,2.0,2.2,1.0
496,Jakob Poeltl,C,C,24.0,SAS,58.0,965.0,19.6,0.611,0.0,0.339,11.6,23.0,17.3,14.6,1.5,7.7,15.2,13.3,0.0,2.0,1.3,3.3,0.165,0.8,2.3,3.1,1.2
497,Vincent Poirier,C,C,26.0,BOS,21.0,114.0,12.8,0.54,0.061,0.212,9.5,22.4,16.0,8.6,0.8,4.9,14.3,15.8,0.0,0.1,0.2,0.3,0.124,-4.5,0.7,-3.8,-0.1
498,Shamorie Ponds,PG,PG,21.0,TOR,4.0,11.0,33.2,0.765,0.4,0.4,0.0,9.4,4.8,32.1,0.0,8.8,0.0,22.9,0.0,0.1,0.0,0.1,0.451,8.4,5.3,13.7,0.0
499,Jordan Poole,SG,SG,20.0,GSW,57.0,1274.0,7.2,0.454,0.528,0.237,0.7,9.6,5.0,15.8,1.3,0.7,11.8,21.1,0.0,-1.6,0.4,-1.2,-0.047,-4.4,-2.2,-6.6,-1.5
500,Kevin Porter Jr.,SF,SF,19.0,CLE,50.0,1162.0,10.8,0.535,0.375,0.24,2.1,13.5,7.7,13.9,1.9,1.0,16.7,20.5,0.0,-0.3,0.6,0.3,0.011,-3.2,-0.6,-3.7,-0.5
501,Michael Porter Jr.,PF,PF,21.0,DEN,48.0,670.0,18.5,0.589,0.358,0.151,8.8,24.3,16.5,8.0,1.5,2.6,10.3,22.0,0.0,1.0,0.9,2.0,0.141,1.4,-0.7,0.8,0.5
502,Otto Porter,SF,SF,26.0,CHI,14.0,331.0,15.8,0.55,0.443,0.193,4.1,12.3,8.0,11.9,2.2,1.7,6.8,21.0,0.0,0.4,0.4,0.8,0.112,0.9,0.2,1.0,0.3
503,Bobby Portis,C,C,24.0,NYK,66.0,1393.0,14.6,0.53,0.317,0.158,6.0,20.4,12.9,11.1,1.1,1.2,10.4,21.4,0.0,0.9,1.0,1.9,0.064,0.1,-1.1,-1.0,0.3
505,Kristaps Porzingis,PF,PF,24.0,DAL,51.0,1597.0,19.3,0.54,0.447,0.282,5.9,25.3,15.8,8.6,1.1,5.6,8.5,26.6,0.0,1.7,2.6,4.3,0.129,1.2,0.3,1.5,1.4
506,Dwight Powell,C,C,28.0,DAL,40.0,1061.0,16.0,0.677,0.17,0.485,7.5,14.7,11.2,7.7,1.6,1.8,11.5,12.7,0.0,2.6,1.1,3.7,0.169,0.4,1.0,1.4,0.9
507,Norman Powell,SG,SG,26.0,TOR,44.0,1269.0,17.4,0.629,0.457,0.252,2.0,11.2,6.7,9.7,2.1,1.3,10.0,21.5,0.0,2.2,1.9,4.2,0.157,1.4,0.9,2.3,1.4
508,Chasson Randle,PG,PG,26.0,GSW,3.0,40.0,6.7,0.377,0.5,1.5,0.0,5.6,2.7,15.7,2.4,0.0,0.0,7.1,0.0,0.0,0.0,0.0,0.044,-5.9,0.1,-5.8,0.0
509,Julius Randle,PF,PF,25.0,NYK,64.0,2080.0,17.5,0.538,0.23,0.35,7.5,24.9,16.0,15.8,1.2,1.0,14.3,27.6,0.0,1.0,1.7,2.7,0.062,0.7,-1.0,-0.3,0.9
510,Josh Reaves,SG,SG,22.0,DAL,2.0,1.0,-40.0,0.0,0.0,0.0,0.0,0.0,0.0,0.0,0.0,0.0,0.0,42.8,0.0,0.0,0.0,0.0,-1.036,-24.4,-15.1,-39.5,0.0
511,Cam Reddish,SF,SF,20.0,ATL,58.0,1551.0,9.0,0.5,0.451,0.227,2.4,12.7,7.5,8.0,1.9,1.5,13.6,18.9,0.0,-1.2,0.8,-0.4,-0.011,-3.2,-1.0,-4.2,-0.9
512,J.J. Redick,SG,SG,35.0,NOP,54.0,1425.0,15.1,0.639,0.618,0.292,0.7,9.7,5.2,10.8,0.6,0.5,9.4,19.9,0.0,3.2,0.6,3.7,0.125,2.0,-1.6,0.4,0.9
513,Naz Reid,C,C,20.0,MIN,30.0,495.0,15.3,0.505,0.399,0.218,7.0,19.9,13.2,11.2,1.8,3.7,7.6,24.0,0.0,0.2,0.6,0.8,0.074,-1.6,-0.3,-1.9,0.0
514,Josh Richardson,SG,SG,26.0,PHI,48.0,1474.0,12.1,0.526,0.373,0.223,2.8,9.4,6.1,14.8,1.5,2.0,12.6,21.1,0.0,0.3,1.6,1.9,0.062,-1.5,-0.2,-1.7,0.1
515,Austin Rivers,SG,SG,27.0,HOU,60.0,1402.0,10.3,0.538,0.537,0.208,1.9,8.8,5.3,9.5,1.4,0.6,6.9,14.9,0.0,1.3,1.0,2.2,0.077,-1.9,-0.4,-2.3,-0.1
516,Duncan Robinson,SF,SF,25.0,MIA,65.0,1949.0,12.8,0.678,0.886,0.086,0.5,11.2,6.1,7.0,0.9,0.8,8.6,15.8,0.0,3.2,1.5,4.7,0.116,1.2,-0.9,0.3,1.1
517,Glenn Robinson III,SF,SF,26.0,TOT,60.0,1743.0,13.4,0.576,0.33,0.144,4.7,11.7,8.1,8.6,1.5,0.8,7.9,16.4,0.0,2.0,0.8,2.8,0.077,-0.5,-1.1,-1.6,0.2
518,Glenn Robinson III,SF,SF,26.0,GSW,48.0,1516.0,13.1,0.574,0.335,0.146,4.6,11.9,8.1,8.8,1.4,0.8,8.5,16.6,0.0,1.5,0.6,2.1,0.067,-0.5,-1.2,-1.7,0.1
519,Glenn Robinson III,SF,SF,26.0,PHI,12.0,227.0,14.9,0.594,0.296,0.127,5.8,10.7,8.3,7.1,1.7,0.8,3.8,14.8,0.0,0.5,0.2,0.7,0.147,-0.2,-0.9,-1.1,0.1
520,Jerome Robinson,SG,SG,22.0,TOT,55.0,748.0,6.0,0.439,0.481,0.134,1.3,13.8,7.5,11.4,1.4,1.6,12.9,14.6,0.0,-0.7,0.7,0.0,0.003,-4.6,0.1,-4.5,-0.5
521,Jerome Robinson,SG,SG,22.0,LAC,42.0,476.0,4.8,0.423,0.493,0.14,1.1,11.6,6.5,12.6,1.3,1.5,15.3,14.9,0.0,-0.6,0.6,0.0,-0.002,-5.4,0.6,-4.8,-0.3
522,Jerome Robinson,SG,SG,22.0,WAS,13.0,272.0,8.1,0.468,0.463,0.125,1.6,17.6,9.3,9.2,1.5,1.9,8.7,14.1,0.0,-0.1,0.1,0.1,0.011,-3.3,-0.6,-3.9,-0.1
523,Justin Robinson,PG,PG,22.0,WAS,9.0,49.0,8.2,0.542,0.417,0.0,2.2,9.3,5.6,18.6,0.0,1.8,20.0,12.7,0.0,0.0,0.0,0.0,0.006,-2.6,-3.1,-5.7,0.0
524,Mitchell Robinson,C,C,21.0,NYK,61.0,1412.0,23.5,0.726,0.0,0.434,13.7,18.8,16.2,3.9,1.8,8.0,8.3,13.3,0.0,4.8,2.0,6.8,0.23,1.6,1.3,3.0,1.8
525,Isaiah Roby,SF,SF,21.0,OKC,3.0,11.0,-7.7,0.0,0.0,0.0,0.0,19.5,10.1,0.0,0.0,0.0,50.0,8.0,0.0,-0.1,0.0,0.0,-0.191,-12.0,-3.5,-15.5,0.0
526,Rajon Rondo,PG,PG,33.0,LAL,48.0,984.0,12.4,0.494,0.381,0.125,2.6,12.9,7.9,32.4,1.9,0.2,20.8,18.7,0.0,0.2,1.3,1.5,0.073,-1.1,0.0,-1.2,0.2
527,Derrick Rose,PG,PG,31.0,DET,50.0,1298.0,21.1,0.555,0.195,0.185,2.3,8.3,5.3,40.5,1.5,1.0,13.4,31.6,0.0,1.9,0.6,2.5,0.093,4.0,-1.7,2.2,1.4
528,Terrence Ross,SG,SG,28.0,ORL,63.0,1723.0,14.2,0.548,0.584,0.207,0.8,12.3,6.3,6.8,2.0,1.2,6.8,22.8,0.0,1.0,1.8,2.9,0.08,0.0,-0.3,-0.4,0.7
530,Terry Rozier,PG,PG,25.0,CHO,63.0,2164.0,14.9,0.553,0.45,0.202,2.4,11.8,7.0,20.4,1.4,0.4,12.1,23.7,0.0,1.9,1.1,3.0,0.067,0.8,-1.3,-0.4,0.8
531,Ricky Rubio,PG,PG,29.0,PHO,57.0,1802.0,16.3,0.531,0.308,0.334,2.5,14.0,8.2,39.9,2.3,0.4,18.1,20.2,0.0,2.4,1.7,4.1,0.109,0.5,0.2,0.7,1.2
532,D'Angelo Russell,PG,PG,23.0,TOT,45.0,1452.0,18.7,0.556,0.509,0.235,1.2,12.3,6.6,35.2,1.6,0.8,13.6,31.5,0.0,1.1,0.7,1.8,0.06,3.8,-1.9,1.9,1.4
533,D'Angelo Russell,PG,PG,23.0,GSW,33.0,1060.0,19.1,0.558,0.506,0.227,1.4,11.4,6.2,36.0,1.4,0.8,12.6,32.2,0.0,0.9,0.4,1.3,0.059,4.5,-1.9,2.6,1.2
534,D'Angelo Russell,PG,PG,23.0,MIN,12.0,392.0,17.6,0.553,0.521,0.261,0.8,14.5,7.4,33.1,2.0,0.8,16.4,29.5,0.0,0.2,0.3,0.5,0.064,1.8,-1.7,0.2,0.2
535,Domantas Sabonis,C,C,23.0,IND,62.0,2159.0,20.7,0.586,0.079,0.349,9.7,29.5,19.7,21.7,1.1,1.2,14.8,23.4,0.0,4.2,3.3,7.6,0.168,2.1,1.1,3.2,2.9
536,Luka Samanic,PF,PF,20.0,SAS,1.0,12.0,-3.4,0.0,0.5,0.0,0.0,18.0,9.0,28.9,0.0,0.0,0.0,14.5,0.0,-0.1,0.0,-0.1,-0.252,-7.4,-4.5,-11.9,0.0
537,JaKarr Sampson,SF,SF,26.0,IND,26.0,340.0,11.8,0.607,0.16,0.247,4.9,14.2,9.6,3.6,1.3,2.3,7.2,12.5,0.0,0.4,0.4,0.8,0.117,-2.7,0.8,-1.8,0.0
538,Dario Saric,PF,PF,25.0,PHO,58.0,1441.0,13.3,0.572,0.455,0.202,6.7,20.2,13.3,10.9,1.1,0.9,12.3,17.2,0.0,1.5,1.2,2.7,0.091,-0.5,-0.4,-0.9,0.4
539,Tomas Satoransky,PG,PG,28.0,CHI,65.0,1878.0,13.5,0.533,0.361,0.22,4.3,11.0,7.5,27.1,2.1,0.4,17.7,16.7,0.0,1.8,1.7,3.5,0.09,-1.0,-0.2,-1.2,0.4
540,Admiral Schofield,SF,SF,22.0,WAS,27.0,293.0,6.8,0.514,0.627,0.173,2.2,10.9,6.4,6.2,1.3,0.9,8.0,12.5,0.0,0.1,0.0,0.1,0.02,-4.2,-1.1,-5.3,-0.2
541,Dennis Schroder,PG,PG,26.0,OKC,63.0,1952.0,16.8,0.573,0.339,0.243,1.1,11.8,6.6,21.6,1.1,0.6,13.2,27.2,0.0,1.9,1.6,3.5,0.086,1.1,-1.2,-0.1,1.0
542,Mike Scott,PF,PF,31.0,PHI,63.0,1119.0,10.2,0.539,0.639,0.094,5.7,16.5,11.1,5.9,0.8,0.4,6.7,13.8,0.0,1.0,1.1,2.1,0.089,-1.2,-1.1,-2.3,-0.1
543,Thabo Sefolosha,PF,PF,35.0,HOU,41.0,436.0,9.5,0.487,0.593,0.088,5.0,17.4,11.2,7.5,2.6,2.4,13.7,10.4,0.0,0.1,0.6,0.7,0.073,-2.7,1.6,-1.1,0.1
544,Collin Sexton,SG,SG,21.0,CLE,65.0,2143.0,16.3,0.56,0.235,0.246,3.1,7.5,5.3,15.1,1.5,0.3,11.6,27.2,0.0,2.2,0.3,2.5,0.057,0.3,-2.1,-1.8,0.1
545,Landry Shamet,SG,SG,22.0,LAC,47.0,1294.0,9.2,0.599,0.764,0.179,0.5,6.5,3.6,9.0,0.7,0.6,8.7,13.3,0.0,1.7,1.0,2.7,0.1,-1.4,-0.2,-1.6,0.1
546,Marial Shayok,SG,SG,24.0,PHI,2.0,10.0,-2.0,0.3,0.6,0.0,0.0,33.1,16.6,13.4,0.0,0.0,16.7,25.9,0.0,-0.1,0.0,0.0,-0.227,-8.7,-2.6,-11.3,0.0
547,Iman Shumpert,SG,SG,29.0,BRK,13.0,241.0,5.3,0.403,0.516,0.109,3.9,10.4,7.3,6.8,2.4,0.7,13.0,13.4,0.0,-0.3,0.3,0.0,-0.001,-6.4,0.8,-5.6,-0.2
548,Pascal Siakam,PF,PF,25.0,TOR,53.0,1882.0,18.7,0.559,0.32,0.275,3.3,18.8,11.2,17.0,1.3,2.5,10.5,28.5,0.0,2.0,3.2,5.2,0.133,1.7,0.5,2.2,2.0
549,Chris Silva,PF,PF,23.0,MIA,41.0,307.0,17.2,0.663,0.029,0.71,20.6,19.3,19.9,10.2,1.4,5.8,25.5,17.5,0.0,0.7,0.5,1.1,0.178,-3.4,0.9,-2.5,0.0
550,Ben Simmons,PG,PG,23.0,PHI,54.0,1930.0,20.8,0.608,0.01,0.46,6.2,18.0,12.1,34.8,2.9,1.4,20.6,20.9,0.0,3.8,3.2,7.0,0.174,1.4,2.4,3.9,2.9
551,Anfernee Simons,SG,SG,20.0,POR,65.0,1400.0,9.3,0.506,0.417,0.175,1.9,8.9,5.4,9.4,0.9,0.6,9.7,19.0,0.0,0.1,0.2,0.3,0.01,-2.5,-1.8,-4.4,-0.8
553,Alen Smailagic,PF,PF,19.0,GSW,14.0,139.0,14.5,0.61,0.325,0.475,7.5,13.7,10.5,14.3,1.0,2.6,18.5,18.2,0.0,0.2,0.1,0.2,0.081,-1.3,-0.8,-2.1,0.0
554,Marcus Smart,SG,SG,25.0,BOS,53.0,1721.0,14.0,0.519,0.582,0.201,2.5,10.1,6.4,21.0,2.4,1.5,11.5,19.3,0.0,1.7,2.4,4.1,0.115,0.2,1.3,1.6,1.5
555,Dennis Smith Jr.,PG,PG,22.0,NYK,34.0,537.0,7.5,0.399,0.256,0.251,4.1,11.7,7.7,26.4,2.5,1.4,19.8,23.1,0.0,-1.3,0.5,-0.9,-0.079,-5.2,-0.9,-6.1,-0.6
556,Ish Smith,PG,PG,31.0,WAS,60.0,1570.0,13.8,0.512,0.258,0.12,1.9,11.7,6.6,25.9,1.5,1.3,11.2,18.3,0.0,1.3,0.4,1.7,0.053,-0.3,-1.1,-1.4,0.2
557,Zhaire Smith,SG,SG,20.0,PHI,7.0,32.0,1.1,0.313,0.273,0.364,0.0,6.9,3.5,8.3,4.6,0.0,13.6,19.9,0.0,-0.1,0.1,-0.1,-0.118,-10.8,0.8,-10.0,-0.1
558,Tony Snell,SF,SF,28.0,DET,59.0,1641.0,9.7,0.598,0.665,0.084,0.6,7.1,3.8,10.9,1.0,0.8,7.3,11.4,0.0,2.1,0.5,2.6,0.076,-1.1,-0.6,-1.8,0.1
559,Omari Spellman,PF,PF,22.0,GSW,49.0,886.0,14.4,0.551,0.373,0.312,9.1,18.0,13.4,8.1,1.8,2.4,13.9,18.8,0.0,0.5,0.7,1.2,0.065,-0.7,-1.0,-1.7,0.1
560,Max Strus,SG,SG,23.0,CHI,2.0,6.0,30.7,0.727,0.333,0.333,17.5,0.0,9.2,0.0,0.0,0.0,0.0,24.4,0.0,0.0,0.0,0.0,0.317,5.4,-1.0,4.4,0.0
561,Edmond Sumner,PG,PG,24.0,IND,25.0,345.0,10.0,0.485,0.342,0.135,3.2,8.6,5.9,15.4,2.1,2.0,13.9,17.4,0.0,-0.1,0.4,0.3,0.039,-3.6,0.4,-3.1,-0.1
562,Caleb Swanigan,PF,PF,22.0,TOT,27.0,288.0,7.6,0.597,0.043,0.362,9.9,26.1,18.1,14.0,0.5,2.1,40.4,13.5,0.0,-0.2,0.2,0.0,0.007,-6.3,0.2,-6.0,-0.3
563,Caleb Swanigan,PF,PF,22.0,SAC,7.0,23.0,0.0,0.512,0.0,0.5,9.6,25.2,17.2,11.7,2.1,8.3,55.1,20.6,0.0,-0.1,0.0,-0.1,-0.175,-14.6,3.4,-11.2,-0.1
564,Caleb Swanigan,PF,PF,22.0,POR,20.0,265.0,8.3,0.605,0.047,0.349,9.9,26.2,18.2,14.2,0.4,1.6,38.5,12.9,0.0,-0.1,0.2,0.1,0.023,-5.5,0.0,-5.6,-0.2
565,Jayson Tatum,PF,PF,21.0,BOS,59.0,2043.0,20.3,0.562,0.377,0.251,3.0,18.8,11.0,14.0,2.0,2.4,9.7,28.6,0.0,2.9,3.4,6.2,0.147,3.3,0.6,3.9,3.0
566,Jeff Teague,PG,PG,31.0,TOT,59.0,1464.0,14.6,0.557,0.239,0.403,1.9,8.6,5.2,30.7,1.4,1.1,16.8,19.5,0.0,1.9,0.6,2.5,0.082,-0.2,-1.3,-1.5,0.2
567,Jeff Teague,PG,PG,31.0,MIN,34.0,945.0,16.0,0.578,0.269,0.444,1.6,8.5,4.9,32.5,1.2,1.1,16.4,20.2,0.0,1.7,0.4,2.1,0.108,0.6,-1.2,-0.6,0.3
568,Jeff Teague,PG,PG,31.0,ATL,25.0,519.0,12.2,0.512,0.182,0.321,2.5,8.8,5.6,27.3,1.7,1.0,17.5,18.3,0.0,0.2,0.2,0.4,0.035,-1.6,-1.5,-3.1,-0.2
569,Garrett Temple,SG,SG,33.0,BRK,55.0,1547.0,10.3,0.507,0.66,0.139,1.9,10.5,6.3,13.1,1.3,1.4,9.3,16.6,0.0,0.5,1.6,2.1,0.065,-1.5,0.4,-1.1,0.4
570,Daniel Theis,C,C,27.0,BOS,58.0,1382.0,18.2,0.629,0.212,0.277,10.2,19.2,14.7,9.9,1.2,5.0,10.1,14.7,0.0,3.6,2.3,5.9,0.205,0.4,1.8,2.3,1.5
571,Isaiah Thomas,PG,PG,30.0,WAS,40.0,925.0,11.6,0.531,0.444,0.178,1.3,7.0,4.0,23.2,0.7,0.6,14.4,24.1,0.0,0.2,-0.1,0.0,0.001,-0.5,-3.9,-4.4,-0.6
572,Khyri Thomas,SG,SG,23.0,DET,8.0,61.0,3.2,0.453,0.824,0.235,1.8,0.0,0.9,6.7,2.4,0.0,13.8,15.6,0.0,-0.1,0.0,0.0,-0.038,-6.1,-1.8,-7.9,-0.1
573,Matt Thomas,SG,SG,25.0,TOR,33.0,321.0,13.6,0.65,0.676,0.09,2.4,13.2,7.9,7.9,1.2,0.0,9.4,17.0,0.0,0.5,0.4,0.9,0.137,1.0,0.4,1.4,0.3
574,Tristan Thompson,C,C,28.0,CLE,57.0,1721.0,16.8,0.54,0.041,0.286,14.5,22.9,18.6,10.5,0.9,2.5,14.0,18.3,0.0,2.0,1.1,3.1,0.085,-0.2,-1.3,-1.5,0.2
575,Matisse Thybulle,SG,SG,22.0,PHI,57.0,1110.0,9.8,0.53,0.607,0.175,3.5,5.1,4.3,8.3,3.5,3.1,15.1,11.6,0.0,0.1,1.8,1.9,0.084,-3.0,3.1,0.1,0.6
576,Anthony Tolliver,PF,PF,34.0,TOT,47.0,732.0,6.6,0.497,0.781,0.161,4.3,14.5,9.5,5.7,1.0,1.3,15.3,11.4,0.0,-0.1,0.4,0.3,0.018,-3.1,-0.7,-3.8,-0.3
577,Anthony Tolliver,PF,PF,34.0,POR,33.0,554.0,7.6,0.515,0.761,0.162,5.1,15.3,10.3,6.6,0.7,1.4,14.3,11.2,0.0,0.2,0.2,0.4,0.033,-2.4,-0.9,-3.3,-0.2
578,Anthony Tolliver,PF,PF,34.0,SAC,9.0,82.0,0.3,0.252,0.882,0.118,2.7,12.7,7.6,4.6,2.4,1.2,18.3,11.6,0.0,-0.2,0.1,-0.2,-0.099,-7.8,-0.9,-8.8,-0.1
579,Anthony Tolliver,PF,PF,34.0,MEM,5.0,96.0,6.8,0.593,0.81,0.19,1.1,11.8,6.6,1.3,1.5,0.9,18.0,12.0,0.0,0.0,0.1,0.1,0.026,-3.4,0.3,-3.0,0.0
581,Juan Toscano-Anderson,SF,SF,26.0,GSW,13.0,272.0,9.4,0.529,0.365,0.079,3.5,17.8,10.4,13.8,2.3,1.7,19.7,12.7,0.0,-0.1,0.2,0.2,0.03,-3.9,0.4,-3.5,-0.1
582,Karl-Anthony Towns,C,C,24.0,MIN,35.0,1187.0,26.5,0.642,0.445,0.363,8.1,26.1,16.8,22.8,1.3,2.9,13.2,28.8,0.0,3.8,1.3,5.1,0.205,7.0,0.8,7.8,2.9
583,Gary Trent Jr.,SG,SG,21.0,POR,53.0,1059.0,11.8,0.555,0.574,0.103,2.0,6.6,4.3,6.5,1.8,1.0,4.9,15.4,0.0,1.2,0.4,1.6,0.071,-0.5,-0.6,-1.1,0.3
584,Allonzo Trier,PG,PG,24.0,NYK,24.0,291.0,14.5,0.62,0.5,0.406,2.1,8.7,5.3,14.8,0.5,1.3,15.0,21.4,0.0,0.5,0.1,0.5,0.087,1.0,-1.5,-0.5,0.1
585,P.J. Tucker,PF,PF,34.0,HOU,64.0,2203.0,8.7,0.58,0.687,0.118,4.8,16.2,10.5,5.9,1.5,1.2,14.6,8.6,0.0,1.8,2.2,3.9,0.086,-2.2,0.6,-1.6,0.2
586,Rayjon Tucker,SG,SG,22.0,UTA,14.0,78.0,4.5,0.448,0.316,0.263,2.9,14.8,9.1,3.5,0.6,0.0,12.4,13.6,0.0,-0.1,0.1,0.0,-0.009,-6.7,-1.2,-7.9,-0.1
587,Evan Turner,PG,PG,31.0,ATL,19.0,251.0,6.8,0.424,0.075,0.209,3.4,13.0,8.2,20.6,1.7,2.7,26.2,16.4,0.0,-0.5,0.1,-0.3,-0.064,-4.9,-0.7,-5.6,-0.2
588,Myles Turner,C,C,23.0,IND,55.0,1628.0,14.7,0.561,0.443,0.279,4.8,19.5,12.2,5.1,1.3,6.5,10.5,17.5,0.0,1.0,2.8,3.7,0.111,-0.9,1.1,0.2,0.9
589,Jarrod Uthoff,SF,SF,26.0,MEM,4.0,14.0,-0.1,0.254,0.571,0.286,7.6,0.0,3.7,0.0,3.3,0.0,0.0,23.4,0.0,-0.1,0.0,0.0,-0.167,-11.0,-2.5,-13.5,0.0
590,Jonas Valanciunas,C,C,27.0,MEM,62.0,1630.0,22.3,0.631,0.12,0.256,12.5,31.9,22.4,10.2,0.7,3.7,12.8,21.4,0.0,3.8,2.4,6.2,0.182,2.2,0.0,2.3,1.8
591,Denzel Valentine,SF,SF,26.0,CHI,36.0,488.0,13.0,0.511,0.578,0.034,1.9,15.5,8.4,14.2,2.6,1.2,9.8,23.3,0.0,-0.1,0.6,0.5,0.048,-0.7,0.2,-0.5,0.2
592,Jarred Vanderbilt,SF-PF,SF,20.0,TOT,11.0,46.0,7.6,0.676,0.125,0.25,7.3,14.5,10.8,5.9,3.2,2.0,44.1,14.9,0.0,-0.1,0.1,0.0,-0.02,-6.6,0.6,-5.9,0.0
593,Jarred Vanderbilt,SF,SF,20.0,DEN,9.0,41.0,7.2,0.714,0.0,0.0,8.1,13.6,10.9,6.6,3.6,2.2,50.0,14.8,0.0,-0.1,0.1,0.0,-0.035,-7.1,1.1,-6.0,0.0
594,Jarred Vanderbilt,PF,PF,20.0,MIN,2.0,5.0,11.1,0.532,1.0,2.0,0.0,21.9,10.6,0.0,0.0,0.0,0.0,15.5,0.0,0.0,0.0,0.0,0.104,-2.8,-2.8,-5.6,0.0
595,Fred VanVleet,PG,PG,25.0,TOR,48.0,1719.0,16.0,0.546,0.482,0.237,1.1,9.7,5.5,27.4,2.5,0.7,12.4,22.0,0.0,2.2,2.7,4.9,0.136,1.0,1.3,2.3,1.8
596,Gabe Vincent,PG,PG,23.0,MIA,6.0,42.0,1.2,0.316,0.842,0.0,0.0,7.7,4.0,9.9,1.2,0.0,0.0,20.0,0.0,-0.1,0.0,-0.1,-0.105,-6.7,-2.9,-9.6,-0.1
597,Noah Vonleh,C-PF,C,24.0,TOT,33.0,364.0,15.6,0.621,0.169,0.337,10.4,25.9,17.9,10.7,1.4,1.4,17.0,14.0,0.0,0.6,0.4,1.0,0.126,-1.2,0.3,-0.8,0.1
598,Noah Vonleh,C,C,24.0,MIN,29.0,347.0,15.3,0.605,0.163,0.326,10.0,25.9,17.6,10.8,1.5,1.4,16.2,13.9,0.0,0.5,0.3,0.9,0.123,-1.4,0.4,-1.0,0.1
599,Noah Vonleh,PF,PF,24.0,DEN,4.0,17.0,22.0,1.031,0.333,0.667,19.6,26.2,22.9,8.6,0.0,0.0,34.0,15.0,0.0,0.1,0.0,0.1,0.185,4.3,-1.6,2.7,0.0
600,Nikola Vucevic,C,C,29.0,ORL,54.0,1763.0,21.6,0.54,0.274,0.16,7.6,29.4,18.1,20.0,1.3,2.4,7.3,25.8,0.0,2.9,2.6,5.5,0.15,3.4,0.6,4.0,2.7
601,Dean Wade,PF,PF,23.0,CLE,12.0,71.0,13.9,0.744,0.308,0.077,4.6,25.3,14.9,4.0,1.4,4.8,18.2,9.9,0.0,0.1,0.1,0.2,0.104,-1.7,0.5,-1.2,0.0
602,Moritz Wagner,C,C,22.0,WAS,37.0,707.0,16.6,0.666,0.294,0.36,7.6,22.8,14.9,10.1,1.5,2.1,17.2,18.8,0.0,1.3,0.5,1.8,0.122,-1.2,-0.3,-1.6,0.1
603,Dion Waiters,SG,SG,28.0,MIA,3.0,42.0,13.5,0.53,0.654,0.038,0.0,28.2,14.7,12.4,0.0,4.7,10.2,30.9,0.0,-0.1,0.1,0.0,-0.001,2.4,-0.6,1.8,0.0
604,Kemba Walker,PG,PG,29.0,BOS,50.0,1592.0,20.2,0.569,0.526,0.27,2.2,11.4,6.9,24.6,1.4,1.5,10.3,27.8,0.0,3.5,1.9,5.4,0.163,5.0,-0.2,4.7,2.7
606,Lonnie Walker,SG,SG,21.0,SAS,53.0,767.0,11.0,0.515,0.266,0.199,2.8,13.4,8.1,8.4,1.8,1.5,9.6,18.2,0.0,0.0,0.5,0.5,0.028,-2.5,-0.7,-3.2,-0.2
607,Tyrone Wallace,SG,SG,25.0,ATL,14.0,160.0,3.9,0.389,0.341,0.386,2.0,13.0,7.4,10.9,2.0,0.5,16.3,16.0,0.0,-0.3,0.1,-0.3,-0.075,-7.7,-1.0,-8.7,-0.3
608,Taurean Prince,SF,SF,25.0,BRK,64.0,1857.0,9.2,0.497,0.583,0.12,2.8,17.9,10.6,9.3,1.5,1.1,14.0,20.4,0.0,-1.7,2.4,0.7,0.019,-2.9,-0.1,-3.0,-0.5
609,Derrick Walton,PG,PG,24.0,TOT,26.0,248.0,8.7,0.617,0.615,0.231,0.9,5.7,3.4,13.9,1.4,0.0,10.4,8.1,0.0,0.4,0.2,0.6,0.112,-2.3,1.3,-1.1,0.1
610,Derrick Walton,PG,PG,24.0,LAC,23.0,222.0,8.4,0.626,0.583,0.25,1.0,5.9,3.5,12.6,0.8,0.0,9.1,8.2,0.0,0.4,0.2,0.5,0.113,-2.2,0.9,-1.4,0.0
611,Derrick Walton,PG,PG,24.0,DET,3.0,26.0,11.3,0.5,1.0,0.0,0.0,4.4,2.2,24.8,5.7,0.0,25.0,6.7,0.0,0.0,0.0,0.1,0.104,-2.8,4.6,1.8,0.0
612,Brad Wanamaker,PG,PG,30.0,BOS,63.0,1215.0,11.8,0.56,0.283,0.365,1.7,9.2,5.5,17.6,2.1,0.9,15.9,15.4,0.0,1.2,1.5,2.7,0.108,-2.5,1.2,-1.3,0.2
613,T.J. Warren,SF,SF,26.0,IND,61.0,1984.0,17.2,0.599,0.212,0.214,3.4,10.0,6.7,6.8,1.7,1.2,7.5,22.8,0.0,3.1,2.2,5.3,0.129,0.4,-0.2,0.2,1.1
614,P.J. Washington,PF,PF,21.0,CHO,58.0,1759.0,12.4,0.547,0.39,0.231,3.5,16.6,9.8,11.3,1.5,2.3,12.5,18.6,0.0,0.5,1.4,2.0,0.054,-1.7,0.1,-1.6,0.2
615,Yuta Watanabe,SG,SG,25.0,MEM,16.0,99.0,9.5,0.461,0.276,0.276,6.5,11.4,9.0,5.3,2.4,0.9,5.8,14.5,0.0,0.0,0.1,0.1,0.047,-3.6,1.0,-2.6,0.0
616,Tremont Waters,PG,PG,22.0,BOS,10.0,89.0,6.5,0.438,0.486,0.171,0.0,10.7,5.4,18.8,2.7,2.1,21.0,22.9,0.0,-0.2,0.1,-0.1,-0.045,-6.6,0.1,-6.5,-0.1
617,Paul Watson,SF-SG,SF,25.0,TOT,5.0,25.0,-0.5,0.056,0.5,0.25,0.0,17.0,8.5,23.9,1.9,3.9,0.0,14.8,0.0,-0.1,0.0,-0.1,-0.181,-8.0,0.8,-7.3,0.0
618,Paul Watson,SG,SG,25.0,ATL,2.0,17.0,-7.1,0.0,0.429,0.0,0.0,12.8,6.3,21.1,2.7,0.0,0.0,17.1,0.0,-0.1,0.0,-0.1,-0.32,-12.3,-1.6,-13.9,-0.1
619,Paul Watson,SF,SF,25.0,TOR,3.0,8.0,13.6,0.266,1.0,2.0,0.0,25.9,13.2,29.8,0.0,12.1,0.0,10.1,0.0,0.0,0.0,0.0,0.114,1.1,5.8,6.9,0.0
620,Quinndary Weatherspoon,SG,SG,23.0,SAS,3.0,15.0,-5.1,0.0,0.333,0.0,0.0,7.2,3.6,7.7,0.0,0.0,0.0,8.7,0.0,-0.1,0.0,-0.1,-0.197,-9.1,-6.0,-15.1,-0.1
621,Russell Westbrook,PG,PG,31.0,HOU,53.0,1905.0,21.5,0.539,0.168,0.289,5.1,18.4,11.7,35.0,2.1,0.8,14.9,34.4,0.0,2.1,2.3,4.3,0.109,1.9,-0.1,1.8,1.8
622,Coby White,SG,SG,19.0,CHI,65.0,1674.0,11.9,0.506,0.475,0.163,1.8,14.0,7.6,16.5,1.4,0.3,11.4,24.4,0.0,-0.4,1.4,0.9,0.026,-1.2,-1.6,-2.8,-0.3
623,Derrick White,SG,SG,25.0,SAS,61.0,1468.0,15.9,0.585,0.345,0.377,2.2,12.0,7.1,19.5,1.3,3.3,12.2,18.2,0.0,2.5,0.9,3.4,0.11,0.7,0.2,0.9,1.1
